UniProt,Protein description,Gene names,Length,Mass,ExpAA,Helices,SP,Toplogy,PubMed,Species,Family,Superfamily
A0A0N5B283,Uncharacterized protein,SPAL_0000018500,326,37914,153.69,7,N,o41-62i82-101o107-129i150-171o207-233i245-264o276-299i,32511224,Strongyloides papillosus,Strongyloididae,Strongyloidoidea
A0A0N5B367,7TM_GPCR_Srx domain-containing protein,SPAL_0000051900,262,30530,120.46,6,N,i12-31o37-59i80-102o136-154i174-195o207-228i,32511224,Strongyloides papillosus,Strongyloididae,Strongyloidoidea
A0A0N5B370,Uncharacterized protein,SPAL_0000052200,287,32639,135.87,6,N,o6-28i40-60o91-116i128-150o189-211i236-264o,32511224,Strongyloides papillosus,Strongyloididae,Strongyloidoidea
A0A0N5B3W3,Serpentine receptor class gamma,SPAL_0000076300,278,33189,158.27,7,N,o13-31i43-67o87-109i130-153o173-198i219-244o250-275i,32511224,Strongyloides papillosus,Strongyloididae,Strongyloidoidea
A0A0N5B442,Uncharacterized protein,SPAL_0000084400,333,38804,156.46,7,N,o6-37i49-73o93-118i139-158o190-210i231-255o267-289i,32511224,Strongyloides papillosus,Strongyloididae,Strongyloidoidea
A0A0N5B4B5,Serpentine receptor class gamma,SPAL_0000091700,275,32603,155.5,7,N,o12-33i54-72o84-106i127-148o175-200i221-241o247-272i,32511224,Strongyloides papillosus,Strongyloididae,Strongyloidoidea
A0A0N5B596,Uncharacterized protein,SPAL_0000124175,370,43045,178.18,8,N,i34-58o70-95i107-130o150-173i206-227o247-267i279-300o306-329i,32511224,Strongyloides papillosus,Strongyloididae,Strongyloidoidea
A0A0N5B597,Uncharacterized protein,SPAL_0000124200,364,42666,160.35,7,N,o34-58i70-95o107-129i150-173o210-228i249-270o276-299i,32511224,Strongyloides papillosus,Strongyloididae,Strongyloidoidea
A0A0N5B5R2,Serpentine receptor class gamma,SPAL_0000140800,278,33006,156.39,7,N,o13-31i43-67o87-109i130-153o173-198i219-244o250-275i,32511224,Strongyloides papillosus,Strongyloididae,Strongyloidoidea
A0A0N5B6G5,Serpentine receptor class gamma,SPAL_0000165450,292,34348,141.89,7,N,o22-42i62-82o102-121i142-163o183-206i213-235o241-263i,32511224,Strongyloides papillosus,Strongyloididae,Strongyloidoidea
A0A0N5B6L7,Uncharacterized protein,SPAL_0000170500,324,38607,156.7,7,N,o12-30i51-73o85-105i126-149o169-195i216-235o255-277i,32511224,Strongyloides papillosus,Strongyloididae,Strongyloidoidea
A0A0N5B6X9,Serpentine receptor class gamma,SPAL_0000181600,278,33226,158.79,7,N,o13-31i43-64o84-113i133-154o174-198i219-239o251-274i,32511224,Strongyloides papillosus,Strongyloididae,Strongyloidoidea
A0A0N5B780,Uncharacterized protein,SPAL_0000190700,258,30496,108.05,5,N,o20-40i61-78o98-119i140-160o197-220i,32511224,Strongyloides papillosus,Strongyloididae,Strongyloidoidea
A0A0N5B786,Serpentine receptor class gamma,SPAL_0000191400,278,33042,158.44,7,N,o13-31i43-67o83-109i130-151o174-198i219-247o253-275i,32511224,Strongyloides papillosus,Strongyloididae,Strongyloidoidea
A0A0N5B789,Uncharacterized protein,SPAL_0000191700,336,38797,156.79,7,N,o37-58i70-98o104-129i150-168o209-232i244-265o277-297i,32511224,Strongyloides papillosus,Strongyloididae,Strongyloidoidea
A0A0N5B8U8,Serpentine receptor class gamma,SPAL_0000247100,275,32683,154.15,7,N,o12-31i43-64o84-106i127-148o175-200i221-241o247-272i,32511224,Strongyloides papillosus,Strongyloididae,Strongyloidoidea
A0A0N5B8Z9,7TM_GPCR_Srx domain-containing protein,SPAL_0000252100,527,60005,154.6,7,N,o6-27i39-59o79-97i118-138o168-191i212-233o245-267i,32511224,Strongyloides papillosus,Strongyloididae,Strongyloidoidea
A0A0N5B929,Serpentine receptor class gamma,SPAL_0000255020,313,37573,156.88,7,N,o13-31i45-67o87-113i133-151o174-197i218-238o250-272i,32511224,Strongyloides papillosus,Strongyloididae,Strongyloidoidea
A0A0N5B930,Serpentine receptor class gamma,SPAL_0000255040,314,37464,158.29,7,N,o13-31i43-66o86-113i133-155o175-197i217-242o254-278i,32511224,Strongyloides papillosus,Strongyloididae,Strongyloidoidea
A0A0N5B931,Serpentine receptor class gamma,SPAL_0000255060,278,33355,157.22,7,N,o13-31i45-67o87-113i133-155o175-197i217-239o251-275i,32511224,Strongyloides papillosus,Strongyloididae,Strongyloidoidea
A0A0N5B932,Serpentine receptor class gamma,SPAL_0000255080,256,30558,135.36,6,N,i23-45o65-91i111-132o152-175i195-222o228-253i,32511224,Strongyloides papillosus,Strongyloididae,Strongyloidoidea
A0A0N5B987,7TM_GPCR_Srx domain-containing protein,SPAL_0000260300,326,37650,153.74,7,N,o46-66i86-108o114-136i156-177o211-235i247-267o287-306i,32511224,Strongyloides papillosus,Strongyloididae,Strongyloidoidea
A0A0N5B9B3,Uncharacterized protein,SPAL_0000262900,332,38724,149.29,7,N,o47-68i88-107o113-135i156-177o209-230i251-269o281-305i,32511224,Strongyloides papillosus,Strongyloididae,Strongyloidoidea
A0A0N5B9B5,7TM_GPCR_Srx domain-containing protein,SPAL_0000263100,432,51025,158.16,7,N,o47-68i80-107o113-137i157-177o211-235i247-266o286-303i,32511224,Strongyloides papillosus,Strongyloididae,Strongyloidoidea
A0A0N5B9P8,Uncharacterized protein,SPAL_0000276400,324,38111,114.8,6,N,i16-33o63-87i99-123o157-182i216-237o249-274i,32511224,Strongyloides papillosus,Strongyloididae,Strongyloidoidea
A0A0N5B9U6,Uncharacterized protein,SPAL_0000281600,314,36439,158.39,7,N,o6-27i39-63o83-103i124-143o174-197i217-237o257-280i,32511224,Strongyloides papillosus,Strongyloididae,Strongyloidoidea
A0A0N5BAZ9,7TM_GPCR_Srx domain-containing protein,SPAL_0000321300,308,36313,146.53,7,N,o6-32i44-70o90-111i123-146o178-195i216-236o248-272i,32511224,Strongyloides papillosus,Strongyloididae,Strongyloidoidea
A0A0N5BB42,Uncharacterized protein,SPAL_0000325368,275,31158,116.95,5,N,o43-68i80-102o141-163i191-216o228-248i,32511224,Strongyloides papillosus,Strongyloididae,Strongyloidoidea
A0A0N5BB44,Uncharacterized protein,SPAL_0000325400,276,31517,135.76,6,N,i12-31o43-68i80-102o141-163i191-216o222-248i,32511224,Strongyloides papillosus,Strongyloididae,Strongyloidoidea
A0A0N5BBK8,Serpentine receptor class gamma,SPAL_0000341500,313,37034,154.79,7,N,o6-29i43-65o89-111i123-146o177-196i217-236o256-275i,32511224,Strongyloides papillosus,Strongyloididae,Strongyloidoidea
A0A0N5BC95,Serpentine receptor class gamma,SPAL_0000364300,251,30051,134.74,6,N,i17-41o61-82i103-126o146-171i192-216o228-248i,32511224,Strongyloides papillosus,Strongyloididae,Strongyloidoidea
A0A0N5BCD3,Serpentine receptor class gamma,SPAL_0000368200,252,29451,112.28,5,N,o20-40i61-81o120-144i165-186o206-227i,32511224,Strongyloides papillosus,Strongyloididae,Strongyloidoidea
A0A0N5BCQ9,Uncharacterized protein,SPAL_0000380400,329,37762,155.99,7,N,o12-38i59-79o99-126i138-156o198-223i255-275o281-304i,32511224,Strongyloides papillosus,Strongyloididae,Strongyloidoidea
A0A0N5BCR0,Uncharacterized protein,SPAL_0000380500,307,35631,133.78,7,N,o20-39i46-63o69-87i108-127o167-188i220-244o250-276i,32511224,Strongyloides papillosus,Strongyloididae,Strongyloidoidea
A0A0N5BDN2,Uncharacterized protein,SPAL_0000411500,301,35204,151.41,7,N,o6-26i38-60o72-92i113-134o140-161i197-218o238-256i,32511224,Strongyloides papillosus,Strongyloididae,Strongyloidoidea
A0A0N5BDT1,Serpentine receptor class gamma,SPAL_0000416250,327,38399,156.43,7,N,o12-33i45-66o86-109i130-149o179-200i221-248o260-279i,32511224,Strongyloides papillosus,Strongyloididae,Strongyloidoidea
A0A0N5BE20,Serpentine receptor class gamma,SPAL_0000424700,278,33272,157.68,7,N,o13-31i43-67o87-109i130-151o178-201i221-244o256-275i,32511224,Strongyloides papillosus,Strongyloididae,Strongyloidoidea
A0A0N5BEI0,Uncharacterized protein,SPAL_0000440500,320,39035,130.63,7,N,o6-32i44-68o102-121i128-147o159-177i204-228o240-262i,32511224,Strongyloides papillosus,Strongyloididae,Strongyloidoidea
A0A0N5BEJ7,Uncharacterized protein,SPAL_0000442200,317,37126,151.18,8,N,i12-31o43-60i67-83o89-107i127-146o173-197i218-241o261-279i,32511224,Strongyloides papillosus,Strongyloididae,Strongyloidoidea
A0A0N5BF77,Uncharacterized protein,SPAL_0000464500,333,38223,161.38,7,N,o12-39i51-72o98-123i135-158o195-218i255-278o284-307i,32511224,Strongyloides papillosus,Strongyloididae,Strongyloidoidea
A0A0N5BGG5,Serpentine receptor class gamma,SPAL_0000507100,260,30905,119.87,5,Y,n2-9c14/15o30-57i69-88o127-150i170-192o212-229i,32511224,Strongyloides papillosus,Strongyloididae,Strongyloidoidea
A0A0N5BGP9,Serpentine receptor class gamma,SPAL_0000514900,219,25955,113.6,5,N,o29-50i71-92o119-142i163-185o197-216i,32511224,Strongyloides papillosus,Strongyloididae,Strongyloidoidea
A0A0N5BIH4,Serpentine receptor class gamma,SPAL_0000575800,327,37894,156.94,7,N,o15-33i45-69o89-109i130-151o171-198i219-241o253-278i,32511224,Strongyloides papillosus,Strongyloididae,Strongyloidoidea
A0A0N5BIK5,Uncharacterized protein,SPAL_0000578500,328,36810,126.48,5,N,o43-67i79-100o183-204i229-256o268-288i,32511224,Strongyloides papillosus,Strongyloididae,Strongyloidoidea
A0A0N5BJ36,7TM_GPCR_Srx domain-containing protein,SPAL_0000596150,288,33997,159.45,7,N,o27-50i62-79o99-124i136-169o189-210i231-251o263-287i,32511224,Strongyloides papillosus,Strongyloididae,Strongyloidoidea
A0A0N5BJD5,Uncharacterized protein,SPAL_0000606100,250,29095,108.37,5,N,o12-31i43-68o74-96i123-145o157-179i,32511224,Strongyloides papillosus,Strongyloididae,Strongyloidoidea
A0A0N5BJD7,Uncharacterized protein,SPAL_0000606300,329,38790,150.43,7,N,o6-31i43-66o86-107i119-140o156-177i207-232o238-260i,32511224,Strongyloides papillosus,Strongyloididae,Strongyloidoidea
A0A0N5BJI6,Serpentine receptor class gamma,SPAL_0000611200,278,33202,159.06,7,N,o13-33i45-67o87-113i133-154o174-198i219-239o251-274i,32511224,Strongyloides papillosus,Strongyloididae,Strongyloidoidea
A0A0N5BJS8,Uncharacterized protein,SPAL_0000619700,334,37853,159.52,7,N,o6-32i44-65o85-112i133-158o192-214i244-269o281-303i,32511224,Strongyloides papillosus,Strongyloididae,Strongyloidoidea
A0A0N5BJX7,Uncharacterized protein,SPAL_0000624400,311,36958,151.11,7,N,o12-32i44-65o85-107i128-152o172-197i218-238o244-262i,32511224,Strongyloides papillosus,Strongyloididae,Strongyloidoidea
A0A0N5BK96,Uncharacterized protein,SPAL_0000635825,358,42228,144.45,7,N,o18-39i51-77o83-111i132-153o181-203i235-257o284-302i,32511224,Strongyloides papillosus,Strongyloididae,Strongyloidoidea
A0A0N5BK97,Uncharacterized protein,SPAL_0000635850,345,39885,157.42,7,N,o15-35i47-68o88-108i128-150o181-199i228-254o274-296i,32511224,Strongyloides papillosus,Strongyloididae,Strongyloidoidea
A0A0N5BK98,Uncharacterized protein,SPAL_0000635875,346,39880,151.41,7,N,o6-32i44-69o89-109i129-151o171-200i229-257o277-297i,32511224,Strongyloides papillosus,Strongyloididae,Strongyloidoidea
A0A0N5BKJ4,Uncharacterized protein,SPAL_0000645000,332,38029,157.24,7,N,o16-37i49-70o90-123i135-155o202-229i250-276o282-304i,32511224,Strongyloides papillosus,Strongyloididae,Strongyloidoidea
A0A0N5BKN4,Uncharacterized protein,SPAL_0000649000,340,39452,156.79,7,N,o47-69i81-107o113-137i157-178o211-235i247-267o279-303i,32511224,Strongyloides papillosus,Strongyloididae,Strongyloidoidea
A0A0N5BKS7,Serpentine receptor class gamma,SPAL_0000653200,278,32965,156.1,7,N,o13-31i43-67o87-109i130-151o178-201i217-237o257-276i,32511224,Strongyloides papillosus,Strongyloididae,Strongyloidoidea
A0A0N5BKV9,Uncharacterized protein,SPAL_0000656300,319,36993,156,7,N,o12-29i41-63o83-116i128-150o170-195i216-238o258-281i,32511224,Strongyloides papillosus,Strongyloididae,Strongyloidoidea
A0A0N5BKX1,Serpentine receptor class gamma,SPAL_0000657400,278,32889,158.16,7,N,o13-31i43-67o87-109i130-151o178-201i217-238o250-275i,32511224,Strongyloides papillosus,Strongyloididae,Strongyloidoidea
A0A0N5BLD3,Serpentine receptor class gamma,SPAL_0000673200,307,36452,159.24,7,N,o13-34i46-69o89-113i133-155o175-197i217-244o256-276i,32511224,Strongyloides papillosus,Strongyloididae,Strongyloidoidea
A0A0N5BLN9,7TM_GPCR_Srx domain-containing protein,SPAL_0000683400,241,28853,111.07,5,N,o20-44i64-85o118-135i156-178o190-210i,32511224,Strongyloides papillosus,Strongyloididae,Strongyloidoidea
A0A0N5BLX7,Uncharacterized protein,SPAL_0000692300,310,35252,129.12,5,N,o43-68i80-100o141-163i188-216o228-248i,32511224,Strongyloides papillosus,Strongyloididae,Strongyloidoidea
A0A0N5BMP4,7TM_GPCR_Srx domain-containing protein,SPAL_0000718300,219,26086,114.36,5,N,o23-49i70-92o115-138i158-179o195-216i,32511224,Strongyloides papillosus,Strongyloididae,Strongyloidoidea
A0A0N5BNG2,Uncharacterized protein,SPAL_0000744100,320,36977,134.05,5,N,o6-31i43-67o87-109i129-149o177-203i,32511224,Strongyloides papillosus,Strongyloididae,Strongyloidoidea
A0A0N5BP37,Serpentine receptor class gamma,SPAL_0000766500,281,33079,160.68,7,N,o6-31i43-66o86-109i130-153o173-201i222-245o257-280i,32511224,Strongyloides papillosus,Strongyloididae,Strongyloidoidea
A0A0N5BPZ1,Uncharacterized protein,SPAL_0000796600,358,40529,157.56,7,N,o6-28i40-60o91-116i128-148o189-211i236-261o267-296i,32511224,Strongyloides papillosus,Strongyloididae,Strongyloidoidea
A0A0N5BQ05,Uncharacterized protein,SPAL_0000798000,324,38000,113.87,6,N,i16-33o63-87i99-123o157-182i216-237o249-274i,32511224,Strongyloides papillosus,Strongyloididae,Strongyloidoidea
A0A0N5BRT8,Uncharacterized protein,SPAL_0000858300,306,36123,157.05,7,N,o14-36i48-71o91-113i134-164o184-206i227-246o266-286i,32511224,Strongyloides papillosus,Strongyloididae,Strongyloidoidea
A0A0N5BS37,Uncharacterized protein,SPAL_0000868200,405,45545,155.73,7,N,o6-28i40-59o87-108i129-149o245-265i286-309o329-349i,32511224,Strongyloides papillosus,Strongyloididae,Strongyloidoidea
A0A0N5BS83,Uncharacterized protein,SPAL_0000872800,364,43031,156.89,7,N,o28-50i62-85o105-128i149-168o205-229i255-278o298-315i,32511224,Strongyloides papillosus,Strongyloididae,Strongyloidoidea
A0A0N5BU36,7TM_GPCR_Srx domain-containing protein,SPAL_0000935900,277,32746,149.65,7,N,o14-36i48-66o86-105i126-148o179-202i223-244o256-276i,32511224,Strongyloides papillosus,Strongyloididae,Strongyloidoidea
A0A0N5BU92,Serpentine receptor class gamma,SPAL_0000941100,275,32514,157.99,7,N,o12-31i43-65o85-106i127-148o175-198i218-240o252-272i,32511224,Strongyloides papillosus,Strongyloididae,Strongyloidoidea
A0A0N5BUQ9,Uncharacterized protein,SPAL_0000957800,288,32635,131.89,5,N,o38-62i83-102o141-163i188-216o228-248i,32511224,Strongyloides papillosus,Strongyloididae,Strongyloidoidea
A0A0N5BV60,Serpentine receptor class gamma,SPAL_0000972500,307,36437,158.01,7,N,o13-31i43-66o86-113i134-155o175-201i222-243o249-276i,32511224,Strongyloides papillosus,Strongyloididae,Strongyloidoidea
A0A0N5BVG6,7TM_GPCR_Srx domain-containing protein,SPAL_0000982400,288,33530,127.57,6,N,i22-50o56-82i94-120o156-177i198-216o236-252i,32511224,Strongyloides papillosus,Strongyloididae,Strongyloidoidea
A0A0N5BVW3,Uncharacterized protein,SPAL_0000996900,265,30951,114.07,5,N,o23-50i62-83o124-152i173-202o208-231i,32511224,Strongyloides papillosus,Strongyloididae,Strongyloidoidea
A0A0N5BVW5,Uncharacterized protein,SPAL_0000997100,312,35982,151.33,7,N,o6-29i41-66o86-106i127-146o176-198i219-239o259-277i,32511224,Strongyloides papillosus,Strongyloididae,Strongyloidoidea
A0A0N5BVW6,Uncharacterized protein,SPAL_0000997200,291,33789,132.48,6,N,i20-37o57-79i100-117o149-170i182-205o225-243i,32511224,Strongyloides papillosus,Strongyloididae,Strongyloidoidea
A0A0N5BWV4,Serpentine receptor class gamma,SPAL_0001029300,323,37700,137.52,7,N,o6-30i42-60o94-112i133-157o177-207i234-255o267-292i,32511224,Strongyloides papillosus,Strongyloididae,Strongyloidoidea
A0A0N5BXF2,Uncharacterized protein,SPAL_0001048250,327,38016,130.89,6,N,o35-58i70-98o104-124i145-174o210-232i244-264o,32511224,Strongyloides papillosus,Strongyloididae,Strongyloidoidea
A0A0N5BXP4,Uncharacterized protein,SPAL_0001056600,613,70269,152.98,7,N,o12-30i42-64o84-108i129-153o173-198i219-239o259-286i,32511224,Strongyloides papillosus,Strongyloididae,Strongyloidoidea
A0A0N5BXZ7,Serpentine receptor class gamma,SPAL_0001066000,279,33140,160.23,7,N,o13-31i43-67o87-109i130-152o174-199i220-244o256-278i,32511224,Strongyloides papillosus,Strongyloididae,Strongyloidoidea
A0A0N5BY12,Uncharacterized protein,SPAL_0001067350,366,43223,163.26,7,N,o33-53i118-141o153-176i183-206o226-250i271-292o304-330i,32511224,Strongyloides papillosus,Strongyloididae,Strongyloidoidea
A0A0N5BYN9,Uncharacterized protein,SPAL_0001089000,300,34797,134,6,N,i23-47o67-87i108-129o157-177i197-219o231-256i,32511224,Strongyloides papillosus,Strongyloididae,Strongyloidoidea
A0A0N5BYP8,Uncharacterized protein,SPAL_0001089700,271,32078,136.02,6,N,o13-31i43-67o87-109i130-151o174-197i217-238o,32511224,Strongyloides papillosus,Strongyloididae,Strongyloidoidea
A0A0N5BZ11,Uncharacterized protein,SPAL_0001100700,216,25478,108.31,5,N,o6-25i46-65o96-116i137-164o176-195i,32511224,Strongyloides papillosus,Strongyloididae,Strongyloidoidea
A0A0N5BZ38,Serpentine receptor class gamma,SPAL_0001103400,275,32688,156.33,7,N,o12-28i40-64o84-106i127-150o170-193i214-236o248-272i,32511224,Strongyloides papillosus,Strongyloididae,Strongyloidoidea
A0A0N5BZS7,Uncharacterized protein,SPAL_0001126700,332,38127,157.73,7,N,o16-37i49-70o90-123i135-155o202-229i250-276o282-304i,32511224,Strongyloides papillosus,Strongyloididae,Strongyloidoidea
A0A0N5C026,Serpentine receptor class gamma,SPAL_0001135900,278,32998,159.27,7,N,o13-31i43-67o87-109i130-154o174-198i219-244o256-275i,32511224,Strongyloides papillosus,Strongyloididae,Strongyloidoidea
A0A0N5C0C4,Serpentine receptor class gamma,SPAL_0001145300,278,33002,157.54,7,N,o12-31i43-66o86-109i130-151o174-203i224-248o254-275i,32511224,Strongyloides papillosus,Strongyloididae,Strongyloidoidea
A0A0N5C0S7,Uncharacterized protein,SPAL_0001160450,348,40051,156.75,7,N,o15-42i54-77o97-118i139-159o201-225i254-278o298-317i,32511224,Strongyloides papillosus,Strongyloididae,Strongyloidoidea
A0A0N5C105,Uncharacterized protein,SPAL_0001168375,355,41573,172.71,7,N,o6-27i39-59o92-116i128-147o184-210i237-262o274-293i,32511224,Strongyloides papillosus,Strongyloididae,Strongyloidoidea
A0A0N5C109,Serpentine receptor class gamma,SPAL_0001168800,275,32010,156.28,7,N,o6-28i49-71o83-103i124-153o173-195i216-236o256-274i,32511224,Strongyloides papillosus,Strongyloididae,Strongyloidoidea
A0A0N5C1A1,Serpentine receptor class gamma,SPAL_0001177825,264,31276,133.36,6,N,o12-31i43-62o91-112i124-149o186-207i234-263o,32511224,Strongyloides papillosus,Strongyloididae,Strongyloidoidea
A0A0N5C1B3,Uncharacterized protein,SPAL_0001179000,334,39601,153.41,7,N,o47-70i90-109o115-137i158-179o207-232i253-271o283-307i,32511224,Strongyloides papillosus,Strongyloididae,Strongyloidoidea
A0A0N5C241,Uncharacterized protein,SPAL_0001205400,290,33592,137.12,6,N,o34-58i70-95o107-129i150-173o210-228i249-268o,32511224,Strongyloides papillosus,Strongyloididae,Strongyloidoidea
A0A0N5C296,7TM_GPCR_Srx domain-containing protein,SPAL_0001210700,328,38342,149.32,7,N,o32-56i77-96o102-127i147-168o200-220i240-261o273-294i,32511224,Strongyloides papillosus,Strongyloididae,Strongyloidoidea
A0A0N5C2L2,Serpentine receptor class gamma,SPAL_0001222200,278,33062,156.71,7,N,o13-31i43-67o87-109i130-151o178-201i217-237o257-276i,32511224,Strongyloides papillosus,Strongyloididae,Strongyloidoidea
A0A0N5C2T0,Uncharacterized protein,SPAL_0001229000,320,37549,152.23,7,N,o6-24i44-62o92-119i131-152o198-217i238-267o279-297i,32511224,Strongyloides papillosus,Strongyloididae,Strongyloidoidea
A0A0N5C2T1,Uncharacterized protein,SPAL_0001229050,253,29939,131.62,6,N,i32-52o64-82i94-113o119-143i170-191o211-229i,32511224,Strongyloides papillosus,Strongyloididae,Strongyloidoidea
A0A0N5C2V1,Serpentine receptor class gamma,SPAL_0001230800,278,32766,159.78,7,N,o13-33i45-67o87-109i130-151o174-197i217-238o254-275i,32511224,Strongyloides papillosus,Strongyloididae,Strongyloidoidea
A0A0N5C353,Uncharacterized protein,SPAL_0001240800,329,37947,155.82,7,N,o20-50i62-84o104-125i137-158o187-206i230-254o266-288i,32511224,Strongyloides papillosus,Strongyloididae,Strongyloidoidea
A0A0N5C3A3,Uncharacterized protein,SPAL_0001245700,251,29980,109.63,5,N,o6-29i50-73o85-108i143-164o170-190i,32511224,Strongyloides papillosus,Strongyloididae,Strongyloidoidea
A0A0N5C3J1,Uncharacterized protein,SPAL_0001253600,296,35114,134.1,6,N,i30-52o64-86i106-127o152-177i198-225o237-256i,32511224,Strongyloides papillosus,Strongyloididae,Strongyloidoidea
A0A0N5C3M0,7TM_GPCR_Srx domain-containing protein,SPAL_0001256100,377,44167,156.93,7,N,o18-38i50-72o98-118i130-149o183-208i247-268o274-297i,32511224,Strongyloides papillosus,Strongyloididae,Strongyloidoidea
A0A0N5C4R4,Uncharacterized protein,SPAL_0001294500,306,35174,152.78,7,N,o6-28i40-66o86-110i131-150o189-211i239-264o270-296i,32511224,Strongyloides papillosus,Strongyloididae,Strongyloidoidea
A0A0N5C4V5,Uncharacterized protein,SPAL_0001298400,293,34133,129.47,6,N,i26-51o57-82i102-123o154-172i192-213o225-246i,32511224,Strongyloides papillosus,Strongyloididae,Strongyloidoidea
A0A0N5C4Y2,Uncharacterized protein,SPAL_0001301050,312,36595,153.71,7,N,o6-29i41-64o84-106i127-153o173-196i217-239o259-278i,32511224,Strongyloides papillosus,Strongyloididae,Strongyloidoidea
A0A0N5C4Y3,Uncharacterized protein,SPAL_0001301100,310,35399,134.98,6,N,i12-31o43-68i80-100o141-163i188-216o228-248i,32511224,Strongyloides papillosus,Strongyloididae,Strongyloidoidea
A0A0N5C566,7TM_GPCR_Srx domain-containing protein,SPAL_0001309500,319,37401,160,7,N,o12-32i44-65o85-107i128-155o175-197i218-246o258-281i,32511224,Strongyloides papillosus,Strongyloididae,Strongyloidoidea
A0A0N5C5A6,Uncharacterized protein,SPAL_0001313400,324,37806,155.08,7,N,o6-30i42-66o86-116i128-148o191-211i238-264o276-294i,32511224,Strongyloides papillosus,Strongyloididae,Strongyloidoidea
A0A0N5C5H3,Serpentine receptor class gamma,SPAL_0001320200,347,41505,166.21,7,N,o13-31i43-67o87-109i130-151o182-204i216-239o251-276i,32511224,Strongyloides papillosus,Strongyloididae,Strongyloidoidea
A0A0N5C6I5,Uncharacterized protein,SPAL_0001355100,324,37872,153.78,7,N,o37-60i80-99o105-127i148-169o197-222i243-261o273-297i,32511224,Strongyloides papillosus,Strongyloididae,Strongyloidoidea
A0A0N5C6I6,7TM_GPCR_Srx domain-containing protein,SPAL_0001355200,336,39682,157.97,7,N,o47-69i81-107o113-137i157-177o211-235i247-267o279-303i,32511224,Strongyloides papillosus,Strongyloididae,Strongyloidoidea
A0A0N5C7B8,Uncharacterized protein,SPAL_0001383200,369,42862,166.18,7,N,o20-53i65-82o102-132i153-180o200-223i253-274o286-307i,32511224,Strongyloides papillosus,Strongyloididae,Strongyloidoidea
A0A0N5C8R6,Uncharacterized protein,SPAL_0001430700,342,40068,162.35,7,N,o20-41i53-74o104-128i140-165o192-225i252-271o283-307i,32511224,Strongyloides papillosus,Strongyloididae,Strongyloidoidea
A0A0N5CAJ1,Serpentine receptor class gamma,SPAL_0001491300,278,32847,159.89,7,N,o13-31i43-67o87-109i130-151o178-198i219-244o250-275i,32511224,Strongyloides papillosus,Strongyloididae,Strongyloidoidea
A0A0N5CB87,7TM_GPCR_Srx domain-containing protein,SPAL_0001515000,339,39837,148.94,7,N,o43-63i75-99o119-138i150-172o206-225i245-265o277-296i,32511224,Strongyloides papillosus,Strongyloididae,Strongyloidoidea
A0A0N5CBC2,Uncharacterized protein,SPAL_0001518500,315,37151,156.86,7,N,o6-31i43-65o85-107i128-147o174-200i221-244o256-278i,32511224,Strongyloides papillosus,Strongyloididae,Strongyloidoidea
A0A0N5CBJ7,Uncharacterized protein,SPAL_0001526300,315,36897,143.27,7,N,o20-46i58-85o97-116i137-156o194-212i232-252o258-286i,32511224,Strongyloides papillosus,Strongyloididae,Strongyloidoidea
A0A0N5CBN4,Uncharacterized protein,SPAL_0001529975,321,37924,150.15,7,N,o20-41i53-76o96-115i122-140o178-201i234-263o269-290i,32511224,Strongyloides papillosus,Strongyloididae,Strongyloidoidea
A0A0N5CDG8,Serpentine receptor class gamma,SPAL_0001591200,316,35784,157.01,7,N,o6-33i42-64o84-104i116-137o174-198i218-241o261-280i,32511224,Strongyloides papillosus,Strongyloididae,Strongyloidoidea
A0A0N5CEZ9,7TM_GPCR_Srx domain-containing protein,SPAL_0001643700,328,38459,156.41,7,N,o36-57i77-97o103-127i147-168o200-220i240-261o273-294i,32511224,Strongyloides papillosus,Strongyloididae,Strongyloidoidea
A0A0N5CF13,Uncharacterized protein,SPAL_0001645100,332,37921,156.15,7,N,o16-37i49-72o97-124i136-155o202-226i247-265o277-303i,32511224,Strongyloides papillosus,Strongyloididae,Strongyloidoidea
A0A0N5CG75,Uncharacterized protein,SPAL_0001685400,304,35629,158.1,7,N,o47-69i81-105o111-136i157-178o211-235i247-267o279-303i,32511224,Strongyloides papillosus,Strongyloididae,Strongyloidoidea
A0A0N5CGG4,Uncharacterized protein,SPAL_0001694050,345,39572,157.62,7,N,o12-32i44-68o88-109i129-150o174-199i231-253o273-296i,32511224,Strongyloides papillosus,Strongyloididae,Strongyloidoidea
A0A0N5CGX1,Serpentine receptor class gamma,SPAL_0001709600,225,26618,113.53,5,N,o13-31i43-67o87-109i130-151o178-203i,32511224,Strongyloides papillosus,Strongyloididae,Strongyloidoidea
A0A0N5CH70,Uncharacterized protein,SPAL_0001719200,321,37565,154.6,7,N,o13-37i49-67o96-118i139-160o185-212i233-257o269-290i,32511224,Strongyloides papillosus,Strongyloididae,Strongyloidoidea
A0A0N5CHK8,Serpentine receptor class gamma,SPAL_0001732200,307,36325,155.34,7,N,o13-31i43-67o87-109i130-153o173-197i217-237o257-279i,32511224,Strongyloides papillosus,Strongyloididae,Strongyloidoidea
A0A0N5CI13,Serpentine receptor class gamma,SPAL_0001747500,278,32964,159.41,7,N,o6-25i45-67o87-109i130-151o174-198i219-243o255-275i,32511224,Strongyloides papillosus,Strongyloididae,Strongyloidoidea
A0A0N5CI30,Uncharacterized protein,SPAL_0001749150,297,34778,181.96,8,N,o6-31i43-66o86-116i128-147o159-180i208-230o242-264i271-288o,32511224,Strongyloides papillosus,Strongyloididae,Strongyloidoidea
A0A0N5CI32,Uncharacterized protein,SPAL_0001749300,320,36094,171.75,7,N,o12-33i45-70o82-104i125-143o180-203i224-243o249-272i,32511224,Strongyloides papillosus,Strongyloididae,Strongyloidoidea
A0A0N5CI53,Uncharacterized protein,SPAL_0001751500,283,32955,135.94,6,N,o33-58i70-94o106-129i150-173o205-224i245-266o,32511224,Strongyloides papillosus,Strongyloididae,Strongyloidoidea
A0A0N5CIJ2,Uncharacterized protein,SPAL_0001764600,329,38211,156.08,7,N,o23-48i68-89o95-118i138-159o190-208i228-249o261-282i,32511224,Strongyloides papillosus,Strongyloididae,Strongyloidoidea
A0A0N5CIS0,Uncharacterized protein,SPAL_0001772500,320,37469,156.81,7,N,o12-33i45-68o88-109i130-150o175-199i219-236o256-278i,32511224,Strongyloides papillosus,Strongyloididae,Strongyloidoidea