Species,Transcript_ID,Family,Superfamily,Sequence
S. venezuelensis,SVE_0000845350.1,srbc,Solo,MENSSIDLYDINNMVDDSNNTLGANTLTPPEGCFDLYHPIIIPRFYLVCVAGFITSIISIIENSFLFFLFVKKKSNRNHYNLYLMLIAIIDVFMGISYILLMVVNVSADYFQSLILLRLWYFYVVPMITISHVAMTSSAMCILAATFERYCITVNSKYTDFVKENRIFIALGSLFIAIFNKGSMFFEFEIITNETCFGTMNEYAIIPTSLIDSSCYTIFRVWYRNIATVFLPFFALAYLNARIVRALAKQQRLDYCADLILANSKNHPDKEKSRRKILTRSATRTLVLVVITYLISNVVNVILTVGEYVNKLQLQTYYTDAYFILLDASSFLCVLASALRFPIYMTCQSQLREEVLNLLKHKLRKDNLIDESNNSSNSNNNVGVPLLTYKKDDLTISVKLDDNIKSTMDFKSDLLSNEEEKKEGEVPTMVCQGNENNLDVDGDNEDFQILWDINDPVECQHINLPYKNDFFQYIIFSGSQKESIL
S. venezuelensis,SVE_0001071900.1,srg,Srg,MVDMIFLAEMTQLIYKIPSTFLMILSVYVISKEIRKKNVHFNKQFYSIIVCKLVNEIFYIITYYLLVKLPKWGLLNNFLEKNNWVAKLFYVLTIQQTTFMFLITFLISINRCVAIKYPAKYKCYFSKSNMITTITLFIMLSTLIGFGSIPLNPAYGLFSFIGIFIPYSTSKNVIYYQMFCYTFFFGTISITTCTLNVLAILELKKHKYFVNYYKREIVYIIYSIFIFITLSIVEAFSLIKIIAEQYEIHLLYYIFFCFQIWAFDLPFLGDFYFLIYSR
S. venezuelensis,SVE_0001600.1,srb,Sra,MDEFVGSVGKNNITNYYNQEFINNNIEIEYNYSINSNLPHECAFNPPAYVEERFWLVTVAGTTLAIICIIENAFLFTMLARKRKYRNSYVLYLLLLALFDILIGMAYIPLMSLSLYLDYIQSVFLLRAWYAYMIPMITVSHIAMTSTTFLIVAASWERYCITASNTKMVRFLSKYRKNIAACSVILGMLTKISLAFEFDIKFIPRCINTMAEYELNSSSLALSYYYALFWRLIFRNIFTILAPFFFLLIINARVVYILHQYPTTIINTFPIDTSLMTTVMEKQTNNPKLSYEYQRKVRVRAATKTLLFVSLSYILSNFLNVILTLWEYIDIELLQLEYLPFYTITVDLISIFTVLAGVLRLPIYVICMPEMRVEFINYLHKMFNPKEYDRMLMVKKKPGFLKRIIHNQYKGGNIFIGLGEMWVLRPMDKNDHNNVMSDEDSLTTSPIFVDGNEYIEDGFFESSKNNSPTLINMNSSNLFDCKSIKDHLKDESYHSISSNNKDSFNSNEVFL
S. venezuelensis,SVE_0008500.1,srt,Srg,MSEILYTVEDKKNKPNSIGNVTNYTFVGWSYIIICLIAIILQILTFIAFFNCRIYYKSVAFKIIFYIGFTSILQQLAHSISGFYIIFRFDNDNLFGNIVGSLLQSSYMTSIALNTLLTINRFDILYSCKVLSGFDRKIFYKICYVIICFYFMANVIFCNIKRFRLIFNLDEYTWMFVKSDKGRSLGNMIESYCNYTLLIVSSILFAASIRKIIYLRSLTTIRNKIKYYDTKIFLQAIFNYFFVLVLEICWSNWGNLFYSHVLIVIIINYLFILVCCSTTFFGVILITEIRKGIKKILTRQNKIRRTIILFIRVNNN
S. venezuelensis,SVE_0018000.1,srab,Sra,MVFYDSLMMVADLLVFCGMLEGYLHHETYFGSVIPCKVFLCLEKFTAMSSISIFYIITVERIIASVRYKTYEKEKNKLVYILVCILQIMIISFVVYISLLKDEKNRGRNNLLIPCLRTYFNHTFMRFPVVALFMGAIVNAVLFCFLIYFNNKLYKKSNTKFSKNILSNKFQLSENLQFSKALLPCIITYMSAGVILGALYLHLYTMRTNIVVSTQEQIIYELEINQLSDFVYAVAYLIIYFITNIKLNKLKRFMSIKNNKVLPVARKRSYSVSSNIRRLNKSVNDIYFEQFNKQLEAKRISKKK
S. venezuelensis,SVE_0037600.1,three_four,Str,MFPVGILAVKCIVLVKNLKITGYWLFLVTLCCFLINLLVGHAAYSISNEEIPNDVFVKFINTYEIDSNLFSKESMVIGTFINIENLIVPIIDLTLYFLTVITVIFVSLYKYLSYIKTFSMSERTKKLHIEFLKVNLLQSCIPFIMTITLCTIFYIFASIESDYYNFLFGEIIFKLLCTIPTVNAMTYIFLPNTNRMKFFSIFTLNKNKLINLKTHSSSFIEPVEENNDQQLKIKKNRVVPFPLQGSRRVSKISIIWHNKL
S. venezuelensis,SVE_0041800.1,srxa,Srg,MNDTLEDENDEYNTSQICDEIPKDYMMLFTLITTCISIAGVGSNTFLLYILLRKSNTISFLYYVILAILDLLLNLFYLVSFCMRRASQYFELAYTYQLVTSTDLFLYVIGKIIQMAIPYILIAATAERLEKVSSYRGTSKTGSKRTLHVILILSIAIIIKLPQFGGYVLVHNDKCPYFQSIYLGQSDLAFLDFYHYQDLIVNFIHVFVSFVILLILNIVIIKKLRRGQQAARRHSTLLYTTLLVQVKTSQNMMIDDKKERLRLRSAVRTTFAIISSYLACNVLNFFLYNLENFYNEILWDENRSFSDLYTILSELTNVFFVLSSSIRLFIYYKYNDDIRRQILEIFKCHKTTI
S. venezuelensis,SVE_0045400.1,srv,Srg,MPFTISDYITCGIQIISLIAYLLVIFLLISSIYHKTAGISTEFYIHFIANGVVDILSNVLDICIRRFLTWGCFLEFYHSYLWIGNISPIIYYSTMGNCAVGILIITLNRFLQMNFPLFYKAFWTKKTAIILIIFQIITPYISYIYLVNFKVTLVYSEERDYFYHSMKDQRASWLNSLVMCIWSGLTFIVSFIMNILNIRKYKEIMNKKKKSGSPTSKVYVYSFYCCIISISLLMVFINSSIKLYAVEFAKKSLKELANFNFEWIILLMTCSHPFLIIILSKDIREKLFKFYTLDHLSKIRIIPMHIAVTTKSNVARH
S. venezuelensis,SVE_0049900.1,three_four,Str,MKNEIEMSSKTKLAANSFTRSFIITAAVPFFIVGLPLFVLSIISIYFGKNSVVHHPEVIIRLLSLSPMINSLIIIFVISSNRKMFFKFIKKLIGKCNTPSVKIIKGSKYNEIRSQLRNIIHNKKKVIL
S. venezuelensis,SVE_0078700.1,srsx,Solo,MEFFNFHSDEFTISLEVSGFYNLLLLLLGSIGVIFNSIESFINIRNKLFTESLYNSTRLFNNLSGIILSFRHILIGALNFKVFRNDWGFYDIDICTKRGMIDMFTIHLFQVSFIFQCLSFLVSLIHPIYYMMKLNTILIKVTMLLSIIFLSFLPLTMLSMKDLPTLFSNPCTNFSTWTYHFKIYHLVFTIFLIQLLSTIFVMTLWNIYGMKTKDEVKKNLNSFIAWTIAIFLLFWALPDILMIIFVYSDFESNNRAIFVDLFYLLTAISVTIQLPFSLWKNKIIRRHFFEFRIIAYITPRNTLLRISSTF
S. venezuelensis,SVE_0083800.1,srm,Str,MCSVEGQILILDIHKYSTYVVEVFGLIFNFLVIHLLNTDNKSTKTSYKVCVIMHCIMDIGLGFFHLIGIFQVEAVGTTTFMTLAGVMQYINVYLAHTWCFTITNFLFTCSIFCGSITIIYRYLVVVKRKTLETKVVISMAIPIILTAGVSASQYVTSFGELPKEEYQALKKLLNTKIWARDKVYGEDFIALTTPITRKTGSFYSYFTIATFIIVAAIIIIFSILISIHLKGNRSNMTKSTLKLEKQIQTTLLIQALFPIGLGYVPNILPSIMLMFSVPFQCYIIFVGVCITYIPLINPCILLFLTPQYRNRMFNCFRKREQFVGAKTTTFIKNSKVIK
S. venezuelensis,SVE_0085400.1,srg,Srg,MSLISDFISYLNSNASNRLPNYGVFNTFFEKLRIDRTDIRIINFICYTTLFSQYIGVVFLALNRFTAIYLHFYYDRFWKYLLPISVIIIYLFPLIFSWPYLCNLTVYRLLWDDDGEGGYNITTKENNCVFYNKSVVITVFSFGSSSISFLLNFASLAYLVKEKGFLALFRNPQKDSKNTPSMYELSKTKSERNMLLCSILSFFFGLLFGICSQLSSYFAQTKNWQSFRINCMIISVFYDLTSLSKCWMLFATSESIRREVKRIIFGISPKTQIKNINVKAKATNTMNFRRKSVVENCNSSL
S. venezuelensis,SVE_0086100.1,srbc,Solo,MDPLMVPMYTSPNFGVTGYQVLIISLLSLPPNIYFFCRCLTYSKFKERKLFKYIIIVMSLEYIYACIVHITFYLYISIHYYTNRKVNLKTCSKLESIHYGSSHVSHVTLLYITVIRFYRIAYRKKPNVTVMGLIVLITLGPLAYLFIGKLFEISIYFVPRQGCGYDLYSKLPYYNYISYANICVSFISTSASLVISYLTYRVVVKKTPISSKAKVAENKSLFKSFAIQSLFPFCYQVPAIIYYLIYLQIQGKKVDTIEIFLNITYYSGHLLSIFLSLVVIRQFKIMMLNDFRCKVLHKPIPVSRIEVKTTSLR
S. venezuelensis,SVE_0088500.1,sre,Sra,MAGECLYFANSLYNMKKYHVNFRTLIVCLLIFNSMYFILVFLFEIIFIITGNYATLNIVVLIIIYLIYGGIYYLQSFIFIERIFAVCFISRYELTSSKPPYIALIFVAISFGIAVVHIIFTENIFVAYKVMNYEVLIFTILAVLVYHHLYKKEIRKRENDFLKYLNSNLSFKYQYHENQKTYNLTINLHTILLIFDSLGMLSSVMLESFSARPDFHSVIYLTIFVLSVMKIIPILYVLKLNEPKMKLNFINLFYLRGRRYSDDENNVAVYVSRNSLESANNEQIYFYQNRCQRS
S. venezuelensis,SVE_0092900.1,srx,Srg,MVFSNLIVLAVDALWVPIKMLHLINFPYYLEERVGQIILIGWYNAEFNHLLLSLNRFCAITAPLMYHEIFSIKNTVYFIYGSTFLSICMIIPYSFHDLCTFDHEEYFWVYLETPFCVNASKIQDFWLGVSMSVLIFIIDIITLGIYFVKREKKLSLNKKLQNEGKQIRMIIQTVLANMTLASCCIQFHVIAPYFSGCGFMEFFFTTFQWMGYHAISGIVLGLCYKDLYLHLRKYFVKNKVSKTRIKTCGITGLNGTDSNSKR
S. venezuelensis,SVE_0108400.1,srg,Srg,MYICSIIIGFPSIFFESKYTYNKTTKSLSPTFININASYYQFFYAIIFYATLTILSFVINIINIVGLTKRKTSSNTRNIEKLYSMYTIFVFFGTSLMEAYFVVRISGTYTDNNYLVSLANNLLTWIGDVATLGDFYFFIFITEELKIAIKETSSSFFTTKNTIIFIRKDTSNIETPDLRNKNIGNIKVHKIRIQEK
S. venezuelensis,SVE_0112700.1,srx,Srg,MNDSILLTGKNNYDLRSWKDKRDDWVVVSIWLAMLTYALISNILIIFGIIRSNTMRAATSYWFIISLAICDIIMIIISLVHLVPATAFHDSFIQLDSLRNIVMLSLYDLFWYTAVLQLGLMAFNRFVSIVYPMEYKCIFSRNKTKWFIAIMYIIGGIVSLPTLHPCCNIVWDSELYITRYLADFSWHAYVDMTVNSFSLLVMVVSYAIIIYKVRESSKAMAKYQLTIRTRLLFQKQSSDTEGTKFNSRTMSLLPPRGQVSKKEMRLFIQFFVVSLVFLITWTTWQWLPTISDSKWAYFVMTSLFFINNSVNPTVYIIFNTQLRRELCYMFCKNKTIRNSQSGRFRNKNPAIKMLNYLGGNQQKNDPSSTDGEMVNSNSVCGGRKFSINNRKAEDV
S. venezuelensis,SVE_0113600.1,srd,Str,MYLFTETILSSCPHEDYCRLMTILSLIALFFQTIVAFTLINDWKKTKSEYTKFLTVVRTIHIFYTLLGSTIGEFRFFLPRKTAICHGVIRFFGDYSCGISLNLLLTFISVESFSVVYAFNGQYNIICRKVKFHENNLFQLASFGLFIIIIIGIFICLNFALISRNEAIDLWYISDGELNLYLKKEYALLAFGGQKQYLLFIVLFFIALNFINFFVHYVVILKMMVEFINKLREHNKTTSIKNDYTTQLNHHIINSLLPAIFLFLPLLHVFIIVVFFYDEQYFWYTKPTTNTIAFIILIYAIVSALYIIFFKYKSLEKQKNIFTKKVKLNKKVTTKGQSN
S. venezuelensis,SVE_0130300.1,sre,Sra,MSRTATMNIRLKVLLINFAISGLINIVTRYLSIAWYLSESRWFPENGIWYQIIFRLHDLCVVMLTINPVVIAIERISATIFSKSYEDFNNTICNYTLRLSSWIFSVMLMCAFYFIDPAYITLCIIIILISLNSITFIIFAIIFYVNKRKFLNEKKEIRNSLSHKYQIAENIRTSRMLAIFVGQVTIVQIILQSILILIYFYFFPRNMVFEKELMSNVFDIINALFLTTFPFPILLSHIETKKLFCRIFKRTTAKISTNNPKNVFGKDIIIHNANHDNIGMLQDMWK
S. venezuelensis,SVE_0140800.1,srw,Solo,MKIINGTVENWSSCSNINFSKIHEYGLKCINDGGMYYDICRNECLQDFTRLNLGDGLPLETLMYGSIFPFLIFIVVIANFLIALVLSQRHMITPTNVVLRYMAIADLCVGLVSFPWTFFYYTLRFLERPEKVDLWWCYMYKYTMDGLPPIFHNSAMWLTVLLAGQRFISIEYPIRSRQICSVKNVRLCSIVIVVITIICGLPKFFDSNVSLYDGWVFHRNGHISHIRTCRSEFTFLVNALGPNTYFNLYFWTRIIIFILIPSILLTFLNLSLIRGIRKAEKRKERLLKEKRAREAEKQRDSNSTSLMLVIIASIFLIVNLPQAIFISIVCFCNTFEIDLQLMSNDTGIIFKLLSNMMVMATYPINFGIYCFMSSAFRQSFKTLLCSKNWKASLLNKSSSKARLFSTINSNHTESTIGKMISPSVLIENCEEEMKVTEILVKSKNDSLTDDNRCMDTIYL
S. venezuelensis,SVE_0158500.1,three_four,Str,MMDIYQYGFNIINLVTGILFNAISIYILSCKKNSSEIGILLITQFTIGMLTLILTSIVGSVTVFYDDHLIIMLAFLKWLPQNSTLHKVILLVISLMLYTTIIFPVEILVVRYMALCKSFKITRIYLFMITIISFMISLLMVHSIFYVTDGDIPVYVFRKFIAKFEIKSNLIDEDVILLGSYADLNNWKISILDGSIYMSIYSSSVIFSIYNYLKYMKSVSSKITKATRKLHVEFLRISLFQMCLPFIIFFTTIIVFLIFLICGCNSEVSFLGDILSKLLTSIPAINPMLYIFLSKNNRDKFFSIFKFFRKIKCNRKKINNTIELCPINYNKHFGNRKGSRIVPFARNNLGNVSAITIARI
S. venezuelensis,SVE_0162600.1,srw,Solo,MSACVEINETERDALIQYYLRLIGTEIQMYDKIHVYIYQILCLLGVPLNILIIVVLLRPQMRKNPFNLYLIVIAICDLILMANYYIFHFIERCHPYYYTYIWIIYTKLYAITSVLLHSLSLWLTVIMAIHRYIVVKNSNGSQSKISWNSYKITLLGIGIAICISLIGSTPNTLRYEIQDNGLVGAEPRCLVKGSKYAHYYTESSQIEAYQFVRPNFWNCNWERLTFWIAGLLLKVIPCMLLTIFMTLLVRILIKARERRNRLCGSRTIPCTAKTQAERTTAMLTIIVAVFLVTELPQGLLILIKGVYAATEVIHLYLGQFLDFLALLNSSVNFILYTTMSYQFRSQFIETFATYLPKTFERISGSESIATNVIPSKIVRNGSQNNNSTFNQSKIHLLSSTANLQGKDLKGQIDEV
S. venezuelensis,SVE_0177900.1,sro,Solo,MISTFIAFTIGIITIAILGNLFLIFVIIRGNTITKMRISPVQLLLLHTAVVDISFATFSLGTELFIMFNRPHLPGPSWVCPVLKFIEIIPLYLSPMLLVAIAYDRYMAICKPMANFKSNKYHRPNKMAIISWIIAIILSLPQLHVWEITNQGCLTREYFRHQFMQIYVLYFNLFVWLIPSILATYFYFHVCKSVWLSKKVVLDGVNGITKSSLRNNREKTLGNVYRDEENETLVYVKRIRSTSNVIKQQDNEFGRKRIHTVRLTLTIIACNFFLWTPYCLFNVVQAIAPDLVSHYKGIANYLGVLGNLNSCVNPWIFILFNPKNVKNALMSICPWYLAKKKKTVLIKGEINYCDDIRTSNSAF
S. venezuelensis,SVE_0195100.1,srbc,Solo,MLFATMFFQSGIKWVPDEICTLIQDSTSPIVNKINDLLYFFAVIVPLIVGFINFCMIKRLNVHASNLSCLNSKQNENKTIFINLIIQTFQPLLGQWPSIIFYYYLQSRRWSVNTNKRSPYFTIKVAASTKISLSEYVGSTWYR
S. venezuelensis,SVE_0209600.1,srg,Srg,MALKMMEIIQLSYLVPSLILMAFVFCFLIKKFVNRSSIFCNEFYPLLSFKILNDIIYHLTILLLLKLPLWKINEEFYISNPFLSPLSYFIGAATTCVQFLHSFILSLIRFMAIHYPLKYKQFFSTNTIVHIITGMIICSIVIAFPSIFFESRYIYDSKTKTLSPMYINFNVTYYQFVYTVVIYGSTTIISFTLNIINIISLTKKTTTSNNGNFEKLYAIYTIFTLFGTSLLEVYLILRISGTYFENNHLVLLASSFLTWAGDIATLGDFYFFLIITKELKVALRETVFSVFEKKNKIIHLRKVMVCSENSGRKGTNIQRY
S. venezuelensis,SVE_0222700.1,srab,Sra,MLKIDWNTGVELFVLVPITLIICIVVCRIFYNATFYHKNFRVLLINYPLGFIIICIMKIVTKTMTIFSYRGFVRSIFSDLISVALFSTTFTTIGFILERSVALIYFYKYEYFCSHIPYIGIFLILLSWIIGGIQRLITRIYNLNVLFFIFSTGVVQITSQIVCFSIIKTSKKQYNLNECINARLENLKFSNFSIISIKYQTIENKKIVKMMSYFIATTTITTTLDLLSLVIEMEYLFPVHDKSLRSFIGNIIPYVTACTVPFTVILTEEKLKKNLMWYLRKFTGKFIYKTSVTPESMIKNSKLRDEINMSNDKQNEIYFSSYADQWK
S. venezuelensis,SVE_0230800.1,srv,Srg,MIPTIYIFQLIYSIPSIIFYVIFIFKLGYQIFFIPKSYFNNEYYPIIFYKGINDIVLLCNVYTTLLPPRWGILNNFYLDNQYLAIICYFITGVCYTISFFISSLLSFNIYIALCHPFNYSKWFKKRNVFIFLISIFIIGCLFGGVTVNAHPYYQKLQGFFGLSISFSKRRIGFSVLLYTLLIILPLALISLILNIFAIKKFTQQIHANNINSRKKNELILYGIFSLILSLLCSGCFIARSVNFLTSKKITVEIMAERVTPFIFDAQTLGLFGLNLFISQPLRKMMFGMVRIKSKPRIYPTPP
S. venezuelensis,SVE_0230900.1,srv,Srg,MLNLSQLVQLIYTIPLTIFYYYFTILLTYKIIIKKDSYFNNGFYPLILLKSYADLIDITNSFISIRFPRWNVASQFFLQITWLPYLFYMEICITYNAMLFCSLLTSLNRFVAIKYPLKYGYWFSSRMLKVYIFITLSIGIIFGCIVLTYHPYYQWSNGAQGYFVSFKNKNVGIFTVCYTFILYLPCAVLAISLNVITAFELKKYRNKLSINVKKELPLFFYSIVSLVFFLLFFLYFLFRALHTIFYIPMLQKIAIIAIPWIMDIQTFGLFYSSLIICSPLRNMVLFKGVDDN
S. venezuelensis,SVE_0238000.1,srg,Srg,MNLLAIVQLSYELPSYILYIIFTIQLGYKLIRKEKTFSNSFYILIFYKGLTDIILHTLLFLLVKMPRMLVFRDFFQMNSYLCSIFYLISTPCYTITFEIMLIMSINRYIAVGQPIMYERLFQNYLIYIYIFITLVIGGLIGVISSKFDCSYVYSDFLERLYVSYTTDDITSFVLAYTFGFYIPLVVISFILNVITIKKLKVKNFISCMSVSPDMRLLVYTFFSFVMAIFFLSVYILRVISIFTHDNFYNIIGSTSLPYIIDVETYGSFYFSLFTNPQLLNMFCFRKMVEVTQRNFAKLTKTIYLDGTKKLST
S. venezuelensis,SVE_0238100.1,srg,Srg,MNPFDIFQLVYEIPSYFCYVMFTVQLGFRLIRKEKTFSNSFYILMFYKGVNDITLQTTIFLLIKVTIFSSSHDFFRMNSYLCFIFNLITIPCYAVTFQVMLIMSINRYIAVGQPIMYERLFQNYIVCIYISITLVIGGLIGFISLNFDCSYAYSSILKRMYISFDKSDIISFVLAYTFGLYIPLIAISFILNIITIKKLKIKNFISSMGSSPDMRLLVYSLFGFVIGIVFLSVYILRIVGIFTSIKLFNVVGTASLSYIIDIETYGSFYFSLYTK
S. venezuelensis,SVE_0248800.1,srm,Str,MEVIHFNSFVIFILPIILIFINYLIYQYVAKKMSNNNKSKIAECRKILKGLIVQGLFTLIFQIPSLFYTLYSSMTFNFIDYLEIPIEFLHYTGYSLYVFCTMIAIKDFRIMMLKDFGINNKIKPNFVHNSPIISKFVLN
S. venezuelensis,SVE_0259300.1,srsx,Solo,MGDTLSLGTLSNEIFNESNITKSYTDPTSTIYISIGFVILAVIANIGILCVFLADFAYWNRCYFLLIVLSILSITNCIIMLDKKVNILVKKIYFTTRKCFDSSQYSFFFTNNQKFIQLSIAVDRLLAVTCQKFYKKMNSKYYVLIILLLSIVFSITLTCLELTYSNHNDLTNVSFIPYIFRNKGKLLWMTCNSVISFFIIIISTTTYLSIKIYLKDYTFHKNTRSGMKIRRVTLCLVFNIFLHTLTTLIFGIGFLLSYLAITKYCLDDMYLKKLTWLYIIDITLYLPIPMWRTTDAQSTTNILTVCFYRRNVFKQRNNKIEPFNNKMII
S. venezuelensis,SVE_0266000.1,three_four,Str,MDTLDNVFYITNVSLGCLFNIVAISLVVKKRYESQNKYYTFMLYIQFGMGIISSIVLGYLRLHIYVFDEYLVIFLQPLSHPPSNDFIHISLFGFLLFLLYFNITIPTALIAARFSIVCTNNGFKKNSIIKILCLCIILTLLQAIGITFPFNEHVSSDIIINAIKKHNIESNIIMESTVALGRKVSDINFLPLFIIVPIYFTFNYLLIIYFVRKYKLYIKLHKDIISRQTQKLNKEFIIILVVQSFIPVCLIGGPVVTIVILIVIQKVYIISFLINNIVHINGFISTVNGCLFIILLPSNRKLILSTLKKIMNTIMCKKSNQIVNMKSSNAFSKRSSKISDNIINSKQKRTHQQNPVKF
S. venezuelensis,SVE_0266100.1,three_four,Str,MDYILNSVSTSIVVIGIIINGIAIFVTIKNAPSQQNKHFLIARYCLVCKEDSLKLRKASLIVICCIILCICISITVWFAVDKDIPKNILSDWIAKNHVMFPNIFESTEVITVNILNKTIYPFFSILVVAFIGSYAIIIFYVKKYTNYMNKYSNLMSTTTVLINRQFIKLLAFQSSVPVIVVGLPMIIAIIMVITGNIQKISAIVMLIMNLLMLVPCINSILFLVLPTRNRKYLKLQFRKFTNFIFCKTNNVVSDNTNKSQKNART
S. venezuelensis,SVE_0269400.1,srv,Srg,MNLSPMPLYEKILFFMDIITAFLLSFIIIVLTRPQRNINLKSMYFSLYTVKCFIDLIMLIQFCFSMRMRKYGLLNWLIFEGGWCWFNLSKVTTIFHYYSKIVIYLSSICIAMNRLITVIYFVNHEQIWNRRRNSIICTIFIIAPLPYFIYMLADSNIVTWYSLSTSDSKVIRLHYNYITNYLTTVVDFLCCILSAIICLVIYFYIIFKLCKKKGNNVNKKITVIGNITNIKVGNSELKLLLISLLLFMTLLLNAIIQGITFYGQSINDTKLINQLNTISYPICDSLYMFTPYVLILSSSIVRKDIINLFWQPDKQKTSIETLKTSKKSISKKQNKNN
S. venezuelensis,SVE_0272700.1,srv,Srg,MLTNGVSSIFLTAYFILIVTIDILSWIIYLLLLIFLIKCRWKDDRVISKEFFTLCIFNGVLDIIFVVEEYVNFRIPQFGFFEDFYKDVLAYSTAAGVCYVYSLCQVIVISLSGITLTFNRFYAIKFPTAYKEFWSGWRLFLLTIWPVVVVTPIFIAYCRTPVNFIVDPLSGRIFQNFFDERVNNDIWSLVIGLHITALIVNGVLNIFLVRIIKKEFRRSRTNVSSQDSDNRVDLAMSKYALIHFVCFGMVAIVETIIVFAFRGNSTYLAYNCLTTYVLAETIMVFFSPYTLLILSKDIRKRFFLFLRLGKLNKIFNTSTNRLAVSNINPTLQTRSHKTTNLPNQRQRQNLMENVVI
S. venezuelensis,SVE_0300700.1,srbc,Solo,MDFILQGTMSFDNITLLNVMSEESINLLSDFGMIKNNSLQLNDSKYEDNGNDCQLIYPNNLKYTLALIGTGLSVVSVISNILIATVLLRPKHSHFFFLGLLAVSDTFLSIWYGPIIAVNMIGAKITTLWIHKIWWLYAVPLLALCNTASSFSVFLLILATAERYLILVKSEHLIFFRSHRKIFAFLSFIFALLIRGTTFLEVTIVKNGKCTGVLEYRPSSTTLAETWPYNPLFSVYIRQLVSICLPFVVLAFLNTSIVAKLRHQHRTALMFRFADSSQKEKVRSATRLLVFIVFSYLVANFLSFCVTIWEYIDFESTQSEENYPLYDSLTDLISVLAILVCALRIFIYLSCNQEIRNAFSNFFCNKETNNIKLNFELDVQSNNENLKSMPRIGTDFDNIVVVIARQKSSFVDFRDNRMADLEEIDEVRI
S. venezuelensis,SVE_0319100.1,srt,Srg,MLNPLFFPDYYNNYICNKDELNYSVELSNQKPDIMAYLLLITGIVFIVIYIPCILVMLKHEFFNNSCYKIMLFLSLIDVSAVMVNSVATGIFGILRITYCFYPTLHLAIGSFGVSIWCATCATATILAFNRFLDTTQKSLYSKLFDGKKTFIWLILPVIYFLYFFFFTNPFTFSQTYMSWFFNPYQDYLKFEKFKRTTDFHNIPHTINNFLIIIFMVLGYGAFLLKLSKNFRIIGTFSNTSNAIVKVQIQVFIICFFVFAAALLYVYMQFFPVPPIFTVISQILWSFAQGCGGVIYITLNQTIRQAIWSVFSKKKQILTLKYDESRKKRNVTENNVTKKI
S. venezuelensis,SVE_0328000.1,srv,Srg,MDLNLNKSNLLIHKIGKYLPFVYPQLDIPKIIILFILSGTSYIFYMAIAITLIRSWKKTNELRSAYFRAVAFGCFVDVANSIFFTIFNICNQVNSIVKFFIENQTTTNLVFWIGLRVLMNWTYYMQNLNFCLLSFIRFVSVYSPTKYNMIVEKNYLYFQIFVVSYAIVITLLQSIYCHLPYYYYDGSELYCNDCILGGLNCEYIFNMGSEKYYYLLIITVQSLIITSIVITVAVKYKLRKLNSHNSSINIRDDKKKKAEYRMTHYVTVLTILQIFRILEDQMYYIPMKIGGYDESIYHIANAVNPFISVLWIFINSLSLIIISKTLREAIIRTFKLKWMFKKLFCKATVENAVTFSVDFQSKIPTKTTKQIM
S. venezuelensis,SVE_0329100.1,srg,Srg,MNSSNTELLVNKIGRYLPFLYPTYDVYQLLFIFIFSFPSYILHATIAVTIIKSWKTSDYLKSPYFKVVVVGSFTDIIDNFAFYTFFFTTELSIVAEYLNENANTVHLVIYITFYIISKWTYNMQNINYLFIAIIRFLSIFYSNSYYQYIDKNYQYLQMLVIVYSSILPLLSRPYCSLPYNFDYEKQMYFNGGKRGAFKCKYPFGYSRKEYYLIHVIMLHSIIVISIILTIIILFKIKKLNKITDEFSVNTVKKGAKEKRMTRYVVLLGIVQLIRLIQDHCYYANVKINGYDESIRYIVFGLKPFICALWMFVNAVSIIFISKTLKDAVFKNLKLDIAYMKLFSGNMVTSISYNPNIIQDMNHEKKKKIII
S. venezuelensis,SVE_0329200.1,srg,Srg,MNSSNTELLVNKIGIYLPFLYPTFDIYQLSFIFFFALSSYILHATIAVTIIKSWKTSDYLKSPYFKVVVVGSFTDIIDNITFYIFFFTTELSVVAEYLNENANTVHLVVYITFYILSKWTYNMQNINYLFIAIIRFLSVCYPNSYYQYIDKHYPYFHVSLIAYSSILPLLNRPYCSLPYNFDYEKQMYFNGGKRGAFKCKYPFGYTRKEYYFIHVLMLHSTIVISIILTITILFKIKKLNKATDEFFVNTVKNGAKEKRMTRYIVLLGIVQLIRLIHDQCYYANIKINGYDESIRYINFGLRPFIRALWMFVNAVSIIFISKTLRDDVFKNLKLDIAYRKLFRGNAVTSISYNSNITQNINQGTKKKIII
S. venezuelensis,SVE_0329300.1,srg,Srg,MNNSNPELLIDKIGRYLPFVYPTLDIYELSFIFFLAFLSHILHAAIAITIIRSWKTSNFLNSPYFKVVVVGSFTDIIDNIILLLYLFTTEVDIVAKYLKENGNAVHLVILTVVYTLSKWTYIIQDMNFLFIAIIRFLSVFYPNSYYQFIERNYIYFQVSVVIYSSIVPLISKIYCRLPYDYNYSKQMYYTGDKRGEFNCRYPFGYTEKEYHFIYIALVHSVVVISMILTLIIKYKIKKLNETSNEFSVNPIKNSNKEKRMTRYVIILGIMQLIRLIQDQFYYIDIKINGYDESIKYIILGFRPFVNVLWMFVNAVSIIFISKNLRDSVFKNLKLDTPYRKLFMENVVTPISYNLNNIQNMNRGTKTRTVI
S. venezuelensis,SVE_0329400.1,srg,Srg,MNNSNPELLINKIGRYLPFMYPTYDVYQISIILIFAILSYILHGVIAVTIIRSWKTSDYFNSSYFKVVVFESINDVIHNIIFLLFIFTTELGIVAEYLKENVGLPLLSKSYCSLPYDYNYEKEMYFRAGKRGEFNCRYPFGYTRKEYHFMYIALVNSLTIISIILTIIITCKIKKISKTTSEFSVIAIKKRNKEKRMTRYVIIIGIMQLICLIQDQLYYIKIKINGYDESIRYIISGLRPFVGVSWMFINALSIIFISKTLRDSVFKNLKLDIIYRKLFKDNLVVPSSHSPNIKQNMNRGIKNRTVI
S. venezuelensis,SVE_0329800.1,srg,Srg,MYFNGAKKGRFICKYLFDYTYKEEHFILIALVHSLIVISIILTIMTIYKIKKLNKASNESSVIAVKKRNKEKRMTRYVLLLGIVQLIRLIEEHFYYIEIKINGYDESISYIMMGFDPFVGVFWIFLNAISIISISKTLRDAVFKNLKVDILYKKLFKENVVAPSSHNPNIIQSVNRGIKNKTLI
S. venezuelensis,SVE_0338500.1,srg,Srg,MGTQTFCNEFYPFLCYRIINDLFYHVCMLFMLKFPIWGFFLDTFTENTFLAQIGFLIGTSTCSVPFIHGLIISFIRFVAIYYPMEYKRIFTPRRIKQMCIGMFLCSLGIGLPTVFFESSYLLKNDTFTLTPSYITPSIIIYQMSYGIFFYGSVIVLSFSLNVLNIIGLNRKKYNRNIRYSDKYYIIYSFFTLFTSILMEIYIAFRIGGTYLKNIKVNHIANTVLSWSADIVTLGNFYFIIIISKDIRRLLVESFRMMFYKDNYSYSSRQYVQTKNNGTNI
S. venezuelensis,SVE_0338600.1,srg,Srg,MVVAAVEIFQLAYYIPSVILMIFVGTLLLYKILTKSKAFQNEFYPMVCYRTFNDLAYQISMIFLLKFPSWSINSQFYLDSTYLAAVSYVFGATTFCVPFIHTFFLSGLRYVAIYHPVKYTRISSPRTSIILCSLLLIISLSIGLPSIAYPSRYVYNNVTGTISSTYLVKSVAYYQFAYITFFYSPIIIISAVFNVANFIGLSKTNKRNKNRRSENLFAIYSFFTFFTTCLMEAYIGSRLIGNFLGNQTIISVANYSLQWIGDLGTFGDFYFFIFINSEIKAAIKEIICKIFGIKYAPSLVKTTEIKSIHDSKSLRGKNVTKT
S. venezuelensis,SVE_0338800.1,srg,Srg,MPQYFLDSVRIAPTYYVLAASTFCVPFVHTIFLSAIRYVAIYHPMKYTIISSQRTSFILCSLLFLISFSIGFPTLAFPSMYIYNNYTNSVLPAYTVKSVSYYNFGYGIVFYGITVILSAIFNVANLIGLSKNNRKNNNKNKRSENVFAFYTFFTLFTTCLMEAYFCCRISGNYLGNQTLLAIANYSVTWIGDLETFGNFYFFIFINTEIKAAIKETLYKVCKIKCNSSSSDTTKIKNIQDSKNLRSERITKT
S. venezuelensis,SVE_0340800.1,sre,Sra,MESINWILIMYIKFILFVPVIFTSIWLFIILRSLLKEQFYHLNFRCLICCIIINGLLYFLVEVIGYLIFLIMQNNIVIHIQSELKQSFIMGGCFYPQIFIIAERLIAIIFVKKYESHFTNVPHLGIFFIIVSYAIYLSQKYILGFKNAIQDYMLVGTIILSAILSFIYFLAMRNKLRKKKTFSLKFYEKSLSTKYQTIENERSFSLSTILIIIFFISNVIVIILNLSFLQKHILKDSINYNDNFIVLLCIVKYWGIIILLIIKEQRIKNNIMKIFGFKSSKIYEVTAKNTNGDPNVEIHVIPQSKQQYVYFNGYQKQWYF
S. venezuelensis,SVE_0340900.1,sro,Solo,MNDISNELDKLQSSDNDSLIETDYEMLERMKLHATIISTFSIILTLLGNTLLIFFLFYNKYKRKRRKFRSHHTLIIHMCISNLCYAVFSILPTLLFTIHLYDFDLPLYICKLYKYLSIIPMYASPFLLVATSVDRYYAICKPLERLKHNFYTTAKFFALFAWVFAFICSIPNLIIWEQTTLGSCEVPIYNVWISKLNILFFSTVAWILPCILVAVLFYFVYRVAYRKKSTGPIDFQSNSVITKRKYRSTFFSALNSLFKGTSILNFLKTQKKESYVMSYVFKGSKKIKNDDIAKKKKETLKLTITIVIVSFLMYSPFAIVNLMDFFNFKFGDGKLLTYILFLGNLNTCSSPIIYLYTHAKKVKNVQNSSTSRLVFDF
S. venezuelensis,SVE_0341200.1,three_four,Str,MVIFFNVVDVNTINIKNHTLVGDELINPNYGNFIIVAMNLFERILLSCSAVIFFTLNYTTVIVLMRKYFIFLKNHGNVISVKTKNIACSITKALILECTVPCILYCIPLIVIGVSFITGQINEVKNIGTLTLRILIIGPFCNSLISLFVNRKNRENFKKIIISIFCCRHSMNNTVIPENRFTQRSVKATRFPVTETKFDSRFAMF
S. venezuelensis,SVE_0341700.1,srv,Srg,MHQLSIILERIFVKMLITIDIIGASSVILMFIFILYKLIKRNKSYSPSFYRQLLANNCCELCYIAMEYFLVRLPMFKLFQSFYQQLQTYNGFFYGFSTGLTTSIAFGQFILALNRFIVVKYPFFSTKCANFKITIICIIFQVMLTIPPSIFGYFQTGIVEINQETLIITMPLSNSNSTKLILLYATIIGCILTTLSFCVGLKTFLIIKRSHSNLNSRRSVNEYKLLKFVFFQIITNITIIILSLLQFTIGIFGLYKILIA
S. venezuelensis,SVE_0341800.1,srv,Srg,MTIFIGCSIKKTDVEFHTPFYIQLFLNSCCELVFFAFEYFLIRIPLFGFADDWYTSQEHLPGAIHGMSWYLYMVICIGQCNLMLNRFIVLKNPTSNSLMSSFKSSLCLITFQFIFPSFMIFMPINCNLKSYYVNNNKTLVVEVGDQGISNFFLTVGSFVGIIICLFCITIGTWNIFLLKNLQNRNKYYEKRLKKEKPLLLSVCIQTFNFIVLTTAEILQFFAGKFNLDSLYAFTIYMYPLSEDMLCLFHPIILYITCHSLRRKFLYFWFGRLFDKFRKNKTAPLSDIKSMYH
S. venezuelensis,SVE_0342700.1,three_four,Str,MDYVNGTINFLSSIFGMFFSIIAIYNVLTFTCENQCKEYKKLLIFQFSGGFLSSITQLILKIQVFVIHEKQITKIRFCYLIIYATLCPILITISNWFCFIYDIPESLSQWVEASNIKYSIFRKKVYGISGKINSDEALPAYFSVPLYFGINYILVFVHYIKYKKHMQKFTTVMSDMTKKINKEFMRISILQCTVPLLVSFFPILYFIVSLFLLPQLFVATFGTHLIQILSFIPIANVTLFIFLPSKSRKKFICFLKKIKDKIICKNFTITKYR
S. venezuelensis,SVE_0350500.1,srt,Srg,MLNPLFFPDYYSNYICNKDELYYSVELSNQKPDIMAYVFLIAGIIFIVIYIPCILVMLQNEFYSNSCYKIMIFLSLIDVSAVMVNSIATGIFAILRIPYCFSPNLHLAIGSFGVSIWCATCATATILAFNRFLDIANKSLCFKLFEGKKTFIWLILPVIYFLYFFFFTSPLAFSQTYMSWFFNPYQDYLELEKLKRTTDFNSIPHTINNFLIIILMILGYGLMFLKLSKRSNRTSTTTNTSHVLVKVQIQVFIICFFVFAAALLYVYMQFFPVPPIFTVISQILWSFAQGCGGVIYITLNPTIRQAIWKVLLNKKKLLSTTLDGSRKERNVTGRRVTENR
S. venezuelensis,SVE_0352200.1,srt,Srg,MYIFYNIEFGTWDYSFQESSPFKNIDNKVLIFENVSSFILFLVVIIKIYLNPSNKTSNKRKNKSMEIYLFIQVFINGIFFIIDEILWEYGNYICPDSDILYTVINFVWSLTPGKDGIMNIIFLKNIRAPVVLLFSKRRSLKNRTKRKIWVTDRRTNKM
S. venezuelensis,SVE_0360400.1,srv,Srg,MVSTIDIIQLSYFVPSLVLLIIFVIRLTNEILIKKNPTYNNNFFPLILFKSYSDIILLLTIFICGRVARMNILENFYEDKDGIAAYYYVINALCNTVTYGISLLSSFNTFIALNYPLLYDTWFSKKNILIYLVIIFLVGSIYGIGFIFFYPHYLYVESLEGYYIKFKSLYIPYYILAYSVIVVYPIAILVIIMNTISTVKFTKYYKKINAKNSQNVLMFIYTLVIFFTYLIVVAYTVTKILTKIFIQNDLIEHVADIVIYWNIDIQTFGLFYTVLFLYSPLRDLMLFKSKKECNQNNNITIINHNERPRIRQNKPLNIN
S. venezuelensis,SVE_0366100.1,srt,Srg,MDVTSSIIIIDDTNIYLSSNELTINKYICSVFFLVSSVSILFDGLILYVFFRKRKLLVNVAYKIQLSISVVIFIQQIIFWVTSIFGFTSNLLPNVLDTILGAIVQGIFLTLVSFIFLLTFNAFDIFYKQKVLPNINRNKFFTYGLYLCYAWGVFMTIFYMFPDFSFTYSLVSLGFEYSEDFEKAFVAFEIENKFVIVFLTISFVIYIFIIIKVIRMRKMSNKSTNATFRWSDVKFIVQGLSNFVCYLFIELLWEYDTMLTDSRYSSIIINFFFLCNSSINILLTILMISEIRREIIYLLSSKKKNKITIVLSHNNFKNNNF
S. venezuelensis,SVE_0366500.1,srt,Srg,MNSTNIPEFEYPTSTTANRIIGSIYFITCVTIIILTILMLSFYKKYPERQKSLPYKYIQHLEILGLVQQIIHLISSFFSIFVFRPPRIIERFLGSIVVSSYITCVTFMLFLTLNRLDFFYNQSIFASISRKTIYICCVIICYTEQCVFFILYNIPEFGLYYSLINDAWHFNKEYSNWVLGYEIEYFTVTVLLVIASFLYILILVKCFLLRRQQSNSINSEGIRKDLKLLIPPIINFVLCILLEFSWTSFDHFLKPSRYTSALQNFIWIIYSCNNTLVSIIMRKDVRKDIKRALLCRNNGINNIKKSIKIRQIKVC
S. venezuelensis,SVE_0366600.1,srt,Srg,MSEYPNNGYVDLEYIYNINYVIGGVLLATSVLLIFIQISIFIILWKNPEMLKNMHYRLMRHLCFTQLIQQICHFVSSIYSIFLIRPIEIIGNIIASMLQTFYLSSITILFVLSLNRFDIIFNRIIFQSLNREKFFYYYIIINYIWNVPLFAFFMVPNFELYFSLYDYGWKFNRTTPNWKIALTVENRYVITLLSLSFIIYVIIIGRIVKIRSYASRNINISFSEIILFIQGVLTFLFIVFIEACWSFLSKYLPQSKYTFTVLNYLYLLSTGTHSILNIIFVKELRLGFRKLLCLRKRGANNSKMKSLKLTAVKIKHNYNH
S. venezuelensis,SVE_0376900.1,srab,Sra,MLGLTYLFIVLFLISSIFILFAIYKVYKSNVFHINVKSIIFFILLLSISTSIGVIGILILEGHYQMNFTFTIYKVFFCFYVCGNNVATLNCALLIFERFLAVILSKRYESVSAQKFVVAFNIVAYLTIFIVIFDFPTSLVPLFTDQCILIIATISFPIHYHLHRVAIDKARNKFKEDAVFSLSQQYQNFENSKIAKKMIPFIFCYASCCFLNAMCAIIRHKTKDTTLLEVTKIITNVILVSRSIFTGIILLNFTMKNSIFDYVHSLFQKNTISQDITKHNNYVKEVDAHFNQLKDAWI
S. venezuelensis,SVE_0379800.1,srt,Srg,MGENYSYDYTYDVNFTMEDLNTSVIHNNTYDPFKDNIVTPIEALIPHLLLSFLSIILQLFVFSSFFNKKDLFKNTCFLIMFHHGVLSFIQQCCHFITSILSVFQSLIMVNLLFFFSIIGSLLNSAYIGSVLFIFLLTLNRFDVFYNFSYFFKIKERRFYIIGIVIFYIWFVGLFAFYLYPNYHLVFNFEFYQWQYICPLRCALGFEVESKTIYTFLGISFVLQILVVTKVFSLRCQTSKKVILAAENLKLLIHAFLCFATTTFLELIWNGVLFGPFQYKKWVILSQILHTFTSVSNSIYIFFFVNLNQADDWTSSSNSLKRNITKNTWLYYSYCYMTKNGRTCLLILLFRNFSDL
S. venezuelensis,SVE_0392500.1,srg,Srg,MHFTIVEVIQLAYNIPSMIFMLIVGILLLQKILTESKAFQNEFYPMFCYRIFNDVLYNICILLLLKFPSWLVMPQYFLHSVRISSIYYVFAASTFCVPFVHTIFLSAIRYVAIYHPMRYTRISSQRTSIILCSLLFLISFSIGLPTLAFPSMYIYSNYTNSVLPTYKVKSVAYYNFCYAIVFYGITVILSAIFNIANLVGLSRNNKKNNNKNKKSENVFAFYTFFTLFTTCLMEAYFCCRISDNYLGNKTLLAIANYSVTWIGDLETFGNFYFLIFINTEIKAVIKETLYKVCKIKCNSSSSNTIKKKNIQDSKNSRCEKTTKTIVA
S. venezuelensis,SVE_0392800.1,srv,Srg,MHQLSIILERIFVKMLITMDIIGASNVILMFIFIPYKLIKRNKSYSSSFYRQLVANNCCGLCYIVMEYFLARLPMFKLFQSFYQQLQTYNGFFYGFSTGLKTSIAFGQFILALNRFIVVKYLFFSTNVLIFKSQ
S. venezuelensis,SVE_0393100.1,srv,Srg,MGPQTIDYILLALKVVSIIFYFLVMWFLYHKSFKEDGDSTKPFYASFIINGFVDSFNILMMTFLLDVSSWGWFYDYFKYNEFFHRWSPVFSYLPIFWSEMGNFVITFNRFVALNFPMIYKCYWNWKVFIAFLIIQFSLPLIIYYYLIVEKTKLNYLEESNTYSLSMARSEISQRNNITATVFTSIIFTLTLIMCIFNVVKFTKIVNNKHEKKTVLPFILYCSFICFSMFFLCAAYAIKMIGTIIKSENVRAHAQSYVTSSMLCMTIIHPYLLLLINKRLRQKFLVFYLGFGKNNILPSTNVHTKRNGAISVIK
S. venezuelensis,SVE_0417700.1,three_four,Str,METVNFVIYVSSVTLNLTSCIVAIYINWKTYGTDYDREYKKLIFVQFSFGFLSGVINAISRCELVLYKNYLIFHYGYFSCYQQSLILYKITFGLYLLITDIDIAFPSAILLSRYIICCKSAHLTLKKVVLLTFVPISLSLITFYNGYMINHEITPASIVINLLKDSPSGEHLVNLKTTTTFFVFWSKEYILCITIITSYFISNYIIIFIFYFKYKRYMELTSPIVSERTKKMQKEFSKIIIFQSLAPVGLCSIPILSYIGFFFFNSEFSEPFYGTTILQLLSLVPSVNALLFIFMSSKNREVLLRLFNLKIIYYDCKNKFNNNNTFGIWKFLKIKFISSIEKISLKKFSINIQHVNE
S. venezuelensis,SVE_0422000.1,srab,Sra,MDICEDAYNTTSNPLIISIWIGLIIQNTLCIFGLLLISFFLIYYKIYHFNLRILIISLHFAFLIRTVGTTYRGFNFLLNIIFKGDDNCNLLQTKSYCIIVSTVNILPINVFLYSFAAISMERIIASIFYKKYEKHSFIILPIIAIIVIWFHPVFKACKALTDPSLSLKNEKLPYCNSFATKTSNVMRFIRNDLPVCLIVFLLNIIIYIYCRKRLKSLDDKNLMDNRLTVKLELREILSTTVLMTTLGISYTIDIALNTALVYILSITEYTDNRNFAIDKELSAYIIPVYILIYIGIFISLSDKIKQKTIKIFGKTKNVAFKKNNKVTPTNEIDKYFQIYKNTWA
S. venezuelensis,SVE_0422100.1,srab,Sra,MDVCEDAYNTTSNPLIISIWIGLIIQNTLCIFGLLLISFFLIYYKIYHFNLRILIISLHFAFLIRTVGTTYRGFNFLVNIIFKGDDNCNLLQTKSYCIIVSTVNILPINVFLYSFAAISMERIIASIFYKKYEKHFFTTLPFIGIIVIWFHPVFKTCKALTDPSLPLKNEKLPYCNSFATKTSNVMRFIRNDLPVCLTVFLLNIIIYIYCRKRLKSLDDKNLMDNRLTVKLELREILSTTVLMTTLGISYTIDIVLNTTFLYILSITEYKDNRSFAIDKELSAYIIPVYILIYIGIFISLSKKIKQKTVKIFCKTKMVAFKNNNNKVTPTNEVDKYFQIYKNTWA
S. venezuelensis,SVE_0422300.1,srab,Sra,MDVCKDAYNTTSNPLIISIWIGLIIQNILCIFGLLLISFFLTYYRIYHLHLRILIISLHFAFLIRTVGTTYRGFNFLIKLIFKEDNNCNLLQTKSYCLIISTVNILPINIFLYSFAAISLERIIASIFYKKYEKHSFTILPIIVIIAIWFQPVFKAYKTLTDPSLPLKNEKLPFCNSFATKTSDPIGFIKNDLPVCLSVFFLNITIYIYCKKRLKSLDDTKIMDNRLTVKFVLREILSTTVLMTILAISYTIDLVLNTTFLYILSITEYKDNRSFAIDKELSAYIIPVYILIYIGIFISLSKKIKQKSFKIFCKTKIVAFKNNNKVTPTNEIEKYFQIYKNTWA
S. venezuelensis,SVE_0495300.1,srg,Srg,MCYVLQNSSDINIGFRAKWMSNNAAWYNSFLVTSILSFIFLAISFIVNVSTLLILIKMSKETNKTTTQGNVKSKFNFARERNFFLTALTSFIGQLILGIDNYASGYFNQTKQYNNFYIMVMMFPIVNDLTIFPSVWLLLYVSTPMRKIILSVFKRKKSIEITIQNKRTTILTGERLNLLFSTDSSAELYGHHSSQRLQEPSKPDALVCNLCYNLLSRETTA
S. venezuelensis,SVE_0515000.1,srsx,Solo,MSSTNSSIPTTRLVSNFMIYGTLTVSVLGFVGNLLILLITIKTRSLRNRCNYLIGSLAFSDCIVCIYLIQLRVFMIYNMYLVKNSFCFYTSSYGLIFLNIQAGLGLIIGLDRLIAVKYPFYYNRIDDKPYFATIFLLLTVYTLVITGIGFYYSSNLVITPVCMPPTAYNNQSRMIWIVSNVVIVIIVIIIFFFTWNALRKCIKNMASSAEKSNLKQIQRVLSSLIIIIGVYSCTWVITVLSLLITQVFLPNTSLAKIIEQQLAWLVIINASTSFPIYMWRTKDYRDAFIVMIFSKNQDNTNGTVIVGIKNRIASR
S. venezuelensis,SVE_0564800.1,srv,Srg,MKTFPGMFYGLSVYLPCIIGFGHLTQVINRFVIIKFPLSFDKIFNKWLIGGLFVLQFLFPSVIMIWCWNETGVVTFADDGSTTILELQNYEKQYNSIIFGICSIIVSCAACCFFGMWSFILVVKMRQGNNASQLRREINLFVFVGFEILAQILLIIAAVIQVVSGYLNYNPSVYYIALHLYPFCEDLLCLVNGLILLITCQTVRTKYITFYKNLLMCKMFSSKKAKPAVQLSSNRIKVNI
S. venezuelensis,SVE_0576200.1,four,Str,MDIPFFGSDYLITIRKLLSINDLVGTILGATVNLILLFVLYKMEKHEISNYKRIIILVTLTDFLLSLSNSMAMLSMETFSGYILTFTNGITFLISSKIWTYSCIFFHMVLFQLSFCNICITFFYRYLLLIHNYKLTNLQFFSIIICLILWNSSSLVTLSFCIIPSDNPEYKKLLTLFELPYKNELKEYEREIIIINIFVIYGLIYNIQLFATSSICVVIIYFSYYKIRKQLQSQKNSMSSKSISLQTQLNRVMFCHALVPMFLAFIPVLIFEASDYFQFNIKGLGTLLFFSIEWVPFISGLISLTMINACRNKFLTIIRLRNYISSHVVPLQQYTHRQSSVNISSFAG
S. venezuelensis,SVE_0586500.1,srv,Srg,MPIHEIVLFWIVIFTIFLHVLIILIVFKKKKHNIYLKGSFFKLQGFKSIIELVMLLQFLFSMRLRKYGFLNFILIDRNWFWIHLPKITTIFHYYMKQEIYLCHIVLAANRFTAIQFPLRYDHFWSMKNLIISMILVILLPLPYVLYLSIDPNIHMNYMTSSTGTIRLSYNNETTTITALMDGISCIFSGILCIFIYIFIIIAAIKIWNEQKFFHTANYNNSQNNETTKIHVKLSFISGILFTTLLLNSICQSLTFYSQYEENDYLTMKLNDISYPIVDCLYCSGPYILLLTTKDLRTEILKSTRKEVKLVSVFKITKSSIL
S. venezuelensis,SVE_0587300.1,srg,Srg,MNAFYTTFIIGFCVDLFEIIKSKFIVSFPSFELFLDFYKTSNIPKYCVPIFGYTVTFAAALGIFCITLNRAIAISFPIFYRFKWSRYTLLITFLIQFLLPILVFHYEFGVEAKLKYDNITGNYAFGMKDAEVSKKNNTIAPIFSTFILSSQISLSLLSLYKLLIEKVKTKSTLEYKVLYYSVIYSAVATIGISIICLRFWIKFAGVNSSNVNLQNYGQLLGTYSSTVATTCQPYLMLIINVNVRKRYLNFYLKNKKSTTTKTPGTRKKTLT
S. venezuelensis,SVE_0587600.1,srg,Srg,MKNITKKDKDGANAFYKTYIIGFIGNLLEILKTKIFYTIPSFGWFLDFYIYSPIPLYLLPIFGYTCTFISILGIFCLSLNRGIAVLYPIFYRIKWSNKTIYITLLIQFITPFVIFSYEFGRKVELKYDTKTETYVYGMKEPSISKVNNTVASILSTIILILQLILCYVIVSKSNTLKNKNNHNSSLITCCCLGTIAILIVSIRFWTKLIATFNGNKELRNFAQSFGTYSSTISTTCQPYLLLLTSKKLRHQFFSFAYLSSIENKKNKFISEISRPQKTIYSHKFKNKVDVY
S. venezuelensis,SVE_0594400.1,sre,Sra,MLKIGSLEWLTHNVHSTSIYQYAIVNRKLNSSIDFIFIIIIIFSLFNLIILFFYNFGIQKFTAYHKNIKLFAILIVTASSVVALCHIVYCFFYLTNILTPIGSFYIFATKLTFSTFIGCKPIIFGYERSIAIKKALIYDKSGINYIYIIAAIFFLFFSIFATLNTMFVFIPNYIPFAIMGVQNICALIYFQKLRHILNKQWSEEIKNKTSLSYRFQLTENVKTFNIVQVVLFGVSCVAMSAIPLFILADSRLFDFNIASIFFDTASTLITTFVLIIFGVLHTQMLKKLFCLYKLSEPRKSLTVSSIREINNKNTEIYFNQMRLEWNK
S. venezuelensis,SVE_0598500.1,srh,Str,MYSFSSIFGELRTFFPRKLVACYGFMRFFGDSGCQITLSLLFVYVMLELALILYAFNGQFNNLCRKKNFHQNNLVQKLSFSLFLLSSVALLITYTFIFGSRKEVVLDILSKHEDLQFLIDNNYAIAGIVDSNMNVTILSFVFGSIFYLTFIVHYLYVLFKMLKFVREIKVLGQMSNQKNRHIKKFIHHIINVIIPIIIVYLPVSVFFICVNFFNSEEYYWITKILSNSPLFFIYIYGIFSSCYILYFISNSEIKRKKVIPKKLNSNNITTHRKT
S. venezuelensis,SVE_0623400.1,srj,Str,MGIFQEVTNMTSVTGYVGAGKDYLVSSLFYIFLYIFALPPNGLLAYLSIKPGLISARIKYPTLGMTLANLFGLIFFLIVNFVYLFALYQDIQLSLTFASFLRTILYNTTYVCYFLFPVLAIDQWLMVCHNYTLTPGGLSKIISICFIVPLLVGCYDLLLQETLLYDYMFEYIRISPYSNFFFFCILAPSFFIFSFVCNLFVLSSIIHRQSKSTRKQIGRSLNPRQLQQQKTIVFIYMLQAFMPLILAAPYYAVYVCGLFGYQLDNSYFIFGDAIIGLHPLTNASTTLFLLKPYRKALKKLFKGKTIDQKRYDSVKQHDDQKIKEDFQEISDQRDSTKESIEL
S. venezuelensis,SVE_0624200.1,srbc,Solo,MATENGTFNTMNDGHEYDNTITINSIHDEFWEEHCSVITPEESRFIMVGIVGSLVAIISVIFNTFLFTILISSRNNRYSQLLYLIFLAFSDIFLSASYILMFPVNIFMDYFKNEFMSTAWFSYVKYVFSTCHITMTGSALLITLATFERFLTVKKIKNNFTMAHRIILTVIVFFFALLAKGPLFWELMVENNYNCTGVTAYIVGFNEFAKEEPYKTMYTFWFRCLVSTFLPFFLSFYFNIQIVLQLRRQQVGARLFRFGISEHRHNIRSATRMLVLVTCTYLASNLLNVVVATWEAFDSEFLTSEHIRPYYTISSDLISLLTVLACALRLPIYYACNQRIRQEVNLRLSNMCFCKNYFDRFQFEYTPTMRYLNSGNGYVIRRNKSKMVSQNQENSSLNLHQGGEKCIGTGLDKIVLSVAMTNTITSNSSDK
S. venezuelensis,SVE_0628800.1,srw,Solo,MNNSVNMSVYIPERVNILENAPIEFALPLYGYLLPVLVSITTVTNSFIIIVLSQKHLRTPTNYVLFSMALSDMLIGLSSLPWFLYYYTFKGYKIDEVYGLSPFWCSVYPYISTYIPTIFRTCANWLAVYLAVQRYVYVCVPASVHRYCTPRTTKIIIITIFTVSFISVLPEMFALFYVTRKEEGDRFGCYLKYSYWVMHIFGIQLYHITTCTFKAFCVSAIPCVLLMIFTCKLAKTIKKAENRKRSWTTSAAIQSNFISCTQGDRENPTLTTNSRLSSANMPISTGSFLSGSNRSLYATNRMLLVVCIVFLILEVPAAVIYILHFLTAADIIPAPGQTYHLLNILLIIRNILVILTSPIQFIIYCSMSEQFRLTVRQLFSTRLLYVTQAQATFHGGKRYSLILVDLELIEEKRKEAEERMMWASGNKKISLN
S. venezuelensis,SVE_0641900.1,srt,Srg,MSNNSDATGYCNESEDEVFGDSVGSITFISNVTIGLIHFVLTIFFITTQILMFISFYKISKEKYSNMVYDLMKHQGVISFIQQLCHLIASIKTIFLINGKQTATVIIGALLEAAYLSSILFILILSLNRCDLMYNLKYFPSIPRKKFYSIAVILCYVYFCIWIVFFLLPNNNMSFYFRYYEWDFVEVECLTSMGYMVEKWAVYILLILSFILYVLTFCKIIYLRSLKQKATYFYTEDIKLIVHLLISYVLIIFMEICWNGIFFNIYKTQFGALIPQILYINVSGANTAFTVFFVRDFRNSIFGTCSSKSIIPISKLRNAQINKIKVMS
S. venezuelensis,SVE_0642100.1,srt,Srg,MNSTAICFQGFSNFINSIESLTILSNVGIGLIHFGLTIFFITAQILVFISLYKIPKERYHNTLLPLMKHHGIASFIQQLCHLVTSIKTIFFMLWRPIYVEIIGAILESSFLCGVAFILVLSLNRCDLMYNYKFFPSISRKKFYLIATILCYVYFFLMMIFFLLPRYRLIFDLYFFEWDFAGDLCGAYYGFLVKKWAVYIPLILSFILYVLTFYKIIYLRSLKQKSSYLYPEDIKIIINVVISYVLIIAMELFWNGQFFNIYETQVGALLPHIMYIIISGANTTFTLFTVRDIRKTAFHICCSRSIIPVSRTHKFQITKIKVIF
S. venezuelensis,SVE_0642400.1,srt,Srg,MNSTTICHQDEFINFANSIDSVTIINNVGIGLIHFSLTIFFITTQILMFISFHKIPKERYHNTPLPLMRHHGIVSFIQQLCHLITSIRTIFFMKWTSIIVEIIGAIFESSFLCGVSLILVLSLNRCDLMYNYKFFPSISRKKFYLIATILCYVYFCLMMIFFLLPNNRLTFDLYFFEWDFVGDQCSAYYGFLIKKWAVYIPLIVSFILYVLTFYKIIYLRSLKQKSTYLYPEDIKIVINVVISYVLIIGVELFWNAQFFNIYATQVGALIPQILYIIISGANTTFTLFTVRDIRKSVFGTCCSKPIRQVSKLRNAQIKKINVLF
S. venezuelensis,SVE_0642600.1,srt,Srg,MNSTTKCFQEEFMNFFNSISSLTISFHKIPKEKYHNTPLPLMRHHGVASFIQQLCHLVTSIRTIFFMRWRPIIVEIIGAILESSFLCGVAFILVLSLNRCDLMYNYKFFPSMPRKKFYSIATILCYAYFCLMMIFFLLPNYRLTFDLYFFEWDFAGDMCSAYYGFLVKKWAVYIPLIASFILYVLTFYKIIYLRSLKQKSTYLYPEDIKIIINVIISYVFTIAVELFWNGELFNIYETQVGALIPHIMYIIISGANTTFTLFTVRDIRKSVSGMCCSKSIISSFHKIPKKRFNNSPLPLMRHHSILSFIQQLCHSMISIRTIFYMRWIPIFIEIIGAILEAAYLGSILFILVMSLNRCDLMYNYKFFPSVQRKKFYSIAAIFCYVYSCLMLIFFSLPDNRFTFSFKYYEWNFVKYDCSTYSAYVIEVWAVYGVLILSFILYVLTFSRIIYLRSLKKKATYFYPEDINLIIHLLICYVLLIVNEIFWNAHYFNIYETQLGALIPHLVFIIISGANTTFSLFFVRDLRKSVFGRCQSKSIIEAFKFENFHIKV
S. venezuelensis,SVE_0648200.1,sre,Sra,MNEKSFYVFIDINTMVVFLLVQILIITSLISLKLQKKWHSHFRFNLLLTIIIIEFNTILETCVCILNITFGNQLRYTAPYPWNRVFIYCREWQLNMNNFYRYTQWAIIIERLISTIFIDTYENIQLKIYPLIVIFFVTVATYITVMIPKFLNFFSDRHIMYIFIDIPVCIIFYMLYIKSKKLKFNKEYIEKSLSNKFQVNENIFIMWMFFPIITIHIIQQFLLHLFAILVRFMNITMDEYFLIIYSIRIYIFSVTLLAITFIEKLRKHFDKRNLVLQQKNRFAIRGYKINPIFLENNLKTKNNNGNNTKMYFEIFKNEWK
S. venezuelensis,SVE_0654400.1,srv,Srg,MKNNKKISCDTTSFVYHFIANAFFDFLQVFDIIVFQKFLHWKVLIPFFLSDPWFITLYLPIAYVSISGSVIGLLITVVNRYCALCHISFFKKFWTKSMSIKLIFLQFLLPILAFSYSYPHRAIVVYVPSFNFYVLSLKNNLVALMNNALLMSISMIAAIITTILNIIILRSYKKLVVKKLGKDSSKFFSMLFYMIVTTLCLFALAFEQLIRLWFVIVGYKEGVYFLTYALFWILPILTMVQPIITLIMSKSLREYFLLFYFKKCLPRKKHVDQTKITRINETKNQTKIQTFS
S. venezuelensis,SVE_0654600.1,srv,Srg,MNNVILSIITFICSVISIVLNIVTLRKYTEIMKKTPVKERSKRLLMLLYMIVTTLCLFALSIEQFVRLYFGIVNDKEGIYFLTFVLYWIIPIFTILQPVVTLIMSKNLRNYFLSFYFGIFLPKSFQMSTSITYFLPTAIFSYNLFYEAEVAYVTSFDFYTFIITDEWVNLMNSSILLVTSVISAVITFTLNIVTLRKYSKVINKKKGNERSKLFLMFLYMAITTMCLILFAIERLIGLYFRIVKNNEGDYFLTFTLYWILPILTLTQPVTTLIMSKSLRKFFLSFYFKRFLPRNHQISSNFNLKTGVGVTKKTQT
S. venezuelensis,SVE_0655900.1,srw,Solo,MDKHQSCSTVIIELPTESIVYDILRTVSDYYKPIHAYLSIFICVIGAACNFCNIVVLTRRSMRTPVNMVLTAMAFCDTVVLFSNLIFTYHYTFDAYDSCHPRDWSYGWAIFLVSHAHLSLVGHSSSVWLSVMLALIRYITLRSRGKVSGTQVNLKHSYLAIGAVIIFVTTMNIPNFLTYKIIEQPLSSSCTIKDERFQNASAYLTGISELAVSNSCMVFRITFWMSGIIFKVIPCLILTLLVWLLTRILNEVQNNRLKLFKGSSKYSPPSSESLTKHDINFLSSNGPSKLSTCSQNEYPLLERDKSSTSSPMPKISNCKKMSRVGKNAKTDRTTRMLLTIVCVFLITEIPQGVMAVLTGIFSDEFRIHIYNSFGDFLDLMALCNACTTFIIYCTMSSQFRTEFQKVFMPEKLNNACKLPWTKRNRSQSVPFNDNRYKNMLKNRTKSIDRCEINESLANTNLLPPSIIIENDEQASTSNDFTLKSLTSRQYHCEGSTARYSLNSPSNNDEDGNSRCSQSLLLENGDNNHEKKKDKK
S. venezuelensis,SVE_0664200.1,srw,Solo,MNLQRYAKEIAKTDAIYYLGKFYNETLLNNRCPEKIIIEYGYKICDVINTSLTDPIWLAKPIYGYAVPIVTLISLLTNSIAILILSNKSLRTPTNHILLTMATSELCTAFSSMPWVLYYYTFGGYINDLKYGMPPFWCKYHSHIWKTIPTLFHTNAIWLTVYLAVQRYIYVCLSHNAQTYCTLKKTKITVWLIFIASVLSVMPSIFTEENISYEFQPRRYFCLKVYSDFVDMMGIGNFMILSISARVIFVHVMPCIVIIIFTAKLFWTISKQEKKRNVCMPTAFKKLSTYSQSTNQNTTLLMTLQNKNNNNKLMQSSTRLLIVVIIIFMIIEIPLAFILMLHVIIVVYQVEIDPFWSYINCLLIIRNFLIIFTYPINFTIYFGMSSSFKQILKERYFRRYFKKKSVSNNMTDYSSKNRRNGKSFANSHSPCTFRSCQTNENCNEKKNKMCKNISYLDVNSAYKNSPIKYRNSMHNDRRRSAEYLSVSQDKRFSVPNVLPQNLDAKNDFSPNGTSTSLTPLQQMDQSLYK
S. venezuelensis,SVE_0668600.1,srv,Srg,MITLVDVIQLLYEIPSTILLIIFVFLLTREIIFYKNPIYNNQFYPFILYKGYVDILNYISTLFCSRAAKMNIFGSLYKDNKLLASYYYIIVGATYTVMHTITFITSFNRFTAIVYPFYIDKWFSKARIKLYILITMCMGLLYGFGFLYFKPYYIYFPPIKGYYVVFESQKAPYYVTSYTLCLILPIAVCSSIMNIVTIYKLSKYYKDGNVKGSLHDVSLIIYSILSFSCFSLFFIYNMSRVINFIFIKSSDLENIANTFIYWIIDLEIFGLFYAVLFLR
S. venezuelensis,SVE_0684100.1,srsx,Solo,MNKSVEEDYHYKNIYTSPSYNYLTLSIIKAIIGVLLCITSTLLIFVYQRNREFKKKYTNLTIILKAIADLAFSISLLSEAYISVGFLPNTSMILSSQDCLFLLSPQILCFHFKTIIIIAVTFDRYLAIQHPYTYRTFAIKWRICLTLLSSLMFSLFSTSLFFFNNNFINPISSCHLGTIETDLFKSYFIFTGLSCSTLVISIYIFMIASTLNPKRIKDNKKGNKKYHKVAKMLFLLLSIYLFFWFLPFLTYKIVESLMINTPRNILIGGTALIILSNPVISIMEFAIYLRYHKEIRKTLHRDVICFSWLNENNGTAALVLRTGLGLLGATIKPDKEMLVDYGFPDSSKII
S. venezuelensis,SVE_0685200.1,srx,Srg,MIVFITNLGNIINGYSFYFFTFIIKKKSSFTILAANVVFSNLIVLAVDALWIPIKMLHLINLPYYLEERVGQIILIGWYNAEFNHLLLSLNRFCAITAPLMYHEIFSNKNTVYFIYGSIFLSICMIIPYSFHDLCTFDHEEYFWVYLETPFCVNASKIQDFWLGVSMSFLIFIIDIITLGIYFVKREKKLSLNKKLQNEGKQIRMIIQTVLANMTLASCCIQFHIIAPYYSGCGFMEFFFTTFQWMGYHAISGIVLGLCYKDLYLHLRKYFVKNKVSKTRIKTCVIVGLNGTNSNSKR
S. venezuelensis,SVE_0690200.1,srv,Srg,MFTYLDLIQMFYSLPSTILLIIFAILLTNEFLIKKNPIFDNKFYPFILYKVYCDLLTELSTLFCDNAARYNIFGDFYKNNDPLAIYYFLVAGLTYTITFEISFILSLNRFIAVVYPLSMNYWFSKSKIKVWVIVTIVIGLFCGISFVYFNPYYNDLKFGSGFILAFRSKSTPYYSIYYTFLVIFPLAVASTVLNIITIKKITSEYRKSHNTTYNNKLNDLPFIVYSFLSFVCFLLFGLQNMIRAVNYLTINDEMLNNFCDIAIRWTQDAQIFGLFYAILFLCKPLKNLILFRKKAAVAASSNAVQVTIVNRSKSRSTRH
S. venezuelensis,SVE_0695200.1,srbc,Solo,MSNNSILLVLTEEFYPINKNYYFAAVQYVISMSIVLIPNFYFLYVVLTCAAFKKRQMLKRTVLVFNILNIVYIVNNLTISSYYLNGYHNGGLIRVNICFYMRRIQMMIMTFLVTTPLVFTVERYFTVFSRNNLQKYIAFTVFIISNFPSFMLFATMFFQSNIAWVPDEICTLIKGATSPVINQITGLIYYFTLGVPLIVGIINFFMIRRLNTIASTCLSSKSKQNENKTVFTNLIIQTFQPFLGQWPSILFYFYLMSSGNNIYVVWRILDGLTALSLISNILFSIVFIKDIRNTIFRRIGIKVINEVTNVVTITNDNTLKFKHRKSVIV
S. venezuelensis,SVE_0716300.1,srbc,Solo,MSNSLVLFALTEEFYPIRKNYYFAAVQIEISMSIVLITNLYFLYAILTSAAFKKRQTLKKTILLFNILNITYIVTDLTISSYYLGEYHNGGMVNVKNCYFMRRIQMLLVSFLVTTPLVFTVHRYFTVFSRSNLQKFVAFAVFIISNFPSFVLFATMFFRSRIEWVPDNICTLIKGSTSPIVHQITDLIFSFAFIVPLIVGFINFYMIKRLNSHASTCPSSKSKQNENKTIFINLIIQTFQPFLGQWPSIIFYFYLQSTGDNIYIVWRILDGLTALSLISNILFSIVFIKDVRQAIFRRTSIKGVNEVTNVVTIKTDNTFKLKQRKSLNV
S. venezuelensis,SVE_0716400.1,srbc,Solo,MFFQSGTKWVPDEICTLIKGSTLPIVDKISDLLYYFAATVPLIVGFINFYMIKCLNLHASKFSSSKSKQNDNKTIFINLIIQTFQPLIGQGPLIIFHFYLKSTGNNIYIVWRILDGLTALSLISNILFSIVLLKDVRNAIFRRKSNKVVNKAMNVGKIKANIGLKLKQRKS
S. venezuelensis,SVE_0731300.1,srz,Solo,MDEIYNNCDFYNNDTNLNYADEEDGKARLIALISGPFSMAILLFGIIGNVNILMVIAHISTLEKFNSRFISSVIILALCNTITLISSIEVYVLPYCIEYFMGYNPSPSMLKPFAFATSNSFRTASIWMVLYITFQRFRAVSQPFRERKRTSTIKIRRSQRFATRNVIEISEEEGKIKRNNNKSSMNEEFSFPLLFMHSFDFNDFKIPLLVVFVAIIYSIPNYLEVKIIRCPSGDTKIVQTALRENWWYRVILRVIIKSLFEMSGPFVLVLSLTIATQLIIARSMRQRKLLTGQLERRQQLENEALLKTSECGTNHNNEEMIKINILSGPMQKQRSSARQKLACHIEKFHNQRQANENNINITAVMLAIKFLVLHSLTITLDTLEAFEYTDVEFFNLLVAISNLFVLLDLSTNCLLYARWKRKNRENGFIRKGICDVMKLILPHKHS
S. venezuelensis,SVE_0731600.1,srbc,Solo,MNSEIAERPDLIHCREISPFPPSYVTFSKIIAGYLTIATIMLGTIGNVYSIKNIRLSNFDKTRGIGLAISIISLAFWDTILLWGIFFYYAINAVLSPGIVEPSTVDIVKHTHFIAQFSNTASIWFVVSITVQRYIASRDPFTNRRTNRLGNQSHRFYASKDSRKFSNNYSSFETVRKLFKVPVIISVMAFIVNVPTMFELETYDCWHASKHILQKTIKATKLRSSVYYSLYYRLIFRLIFGTFGPSVFIFCLTALTIKSLKGSNRTRRQLFEMTESMIDQFNSKETMQTVISLVLIIKFLFFRSSQFILDIWELVTFLQYNGQPTFSILFNYCKDISNFLVAINSATNCIIFMKASYWIEGKLAKRVSIRRKNKPCIFQSLQLQNKAYILKNTWNAIQEMNNMNFGYISLKAMIQADHSLIGKLTKLNDYEEKIEVNEFTPLQSVLITIPSSGVGYRSSLHNFSGKRQRHTSSDENNFIGYEYEVKNAISMEEITKSSIYQNVAISISDMLETVLNMLVERKNENEIKMYIRRVGFIHYIRGITFSNTAWKAFKESTLKLVNLCAFSSESERHQTVDAWVTFICLIIVEMKMGQWESGINV
S. venezuelensis,SVE_0755400.1,srv,Srg,MNFQYVIFYINLLYGIPSFILLIIIEIILLIPSNKKIFYSSFFKIIFFNGVFDILAFVTFTIHHRLPSYGMLVEFYNYLFINEVDVRSIEFLRSVSTIGQLVGMFFLCFNRFTSVYFHVRYDNMWKYLLPVYYVTVTILPVLMTFPLLLDMMIYKPFDRSNINLGFKGKWMTFNAMWYNSYVVTSILNIFFLTLCVIINFSTLFCLIRYKRSAKSKVQDVRPNHEMNYSMEKKFFLLAVVCFIGQLIFALSGLVVDKFSQNKEYRKLYVMSLLFPIIADLTMFPNIWLLVLISSNLRNSIKRLFYIKNMEPLSILKNFHTTRRTREK
S. venezuelensis,SVE_0762400.1,srt,Srg,MVLFLPTKNTYDLYYRCDFFPIEHWKLEKKPSLGIGLLYIIPGSIFILLYIPILFVMMNKEFMKLSCYRIMIYLVCIDLMTLLFNSLLTGAFSILGSVFCEHRLLMFITGQIALFGWFAGCITVVILALNRCLDVMLPTVADKLFGGIKVYFWLVGTTTYAACCSLLTSKASFTPKLYAWFFDPYFGNNVKDKIEVVDYSNWVHSINNISEMICLGVLYTTLCLVMSIKYNLTKSVRISILQKNLFVQAGLICLANFIASTIYVYMQFYAVGVEIVILGQVMWIFSHGSGSVIYLMFNKNIRERLLEKYFFNFSKNSMNRRVVTISMVNKCTVIKD
S. venezuelensis,SVE_0834500.1,srt,Srg,MPYRIMIHLGVYSLFQQICHFLSGNFLIFDLKLQIWYGYAIGSLSESSYIASVTFVFLLTINRFDVMFNEQILPFINRKLFFNSLIIICHSFFILLFIFFLLPDFRVYYSPGCFCWKFEKPDNKHYIAFQLQNKTVVTLLTLSLILYLIIFIKVIMMRCSKSNQKQRVFSDIRILLQALFNYVTIVFLEICLLFSNEFFWEFDNGYSIIDLINVIICGNNTILTYIMSSDIREKTFETVCGCLTSNNKVNILKNSCNKNNTKSKHVNYV
S. venezuelensis,SVE_0847700.1,srv,Srg,MAGVLYALFGQETTFMYLITLLFSINRYIAVDYPTKYKRYFSKSNMIKILVIFLLLSASVGIGNYFFYPSYNINNSFGFFVPSFASNNITYYQVFYTICLFGIISIATCIFNVKAILILREQRQFNNNFKAQLFYIRYSIFIFITLACVEAFYICRVIVVKYEIHLLAPIPYFIHILAFDLTSIGDFYFLIYSSSELRNTIKKYFKCCKKTTAKVSVKVIHVR
S. venezuelensis,SVE_0862900.1,srt,Srg,MVFNLTYDDDVTIPQINEDNNNVYIGLSYIILSCSFMFLQTMTFVAFYRNREILMKNMPYKIMLQLGIADLIQQLCHCISGFYAVFYFFPSDVLSYAVGSLLQCAYMTSASFILLLSLNRFDVFYNISIIPTFDKKRAFVIGIIICYIWGISLFIFYLFPSNRLEFSSINYGWNYTGNKTLGYQIENKSVIAMLIISFICYLFILGKIMYMRGLSSSGIIITLSDMKLLVQAIINFITITLLEICWYQFSGIITDAELNLLAINYLFIFVSGANTLLNFCFLKEVRKEVKTFLICYTNRKQKITRTVVRRIAFGDRDKNLSTKTKILTE
S. venezuelensis,SVE_0863000.1,srt,Srg,MGYNQKNYLDPINNWTKIEIVVSPGPNNILIGCTYLGITIFFIFIQIITFITFYKKKNLMLNMPFRIMRHLGVTDIIQQSIHFISAFYTIFLFSTNSIIVNCLASILQSAYITSVAFITLLTINRFDVFYQQPFLSFINRKILFNCGIVICYLCFILLIIFYMVPSFRLTFTLVNYGWLYQSKKNRWTLAWEIENKTVTFLLFLSFILYVLIFCKIVYMRSATSSSSMVQFSDIKILAQGIFNFLSIVFLEWGWRYLPNIVGEQYACATVLNYFFLFVSGNNTLSGIFLIK
S. venezuelensis,SVE_0863100.1,srt,Srg,MNGENDYSIEKYSIGIGLIYFATSTSLIFLQIVIFYTFYKNPILLDNTIFKIMKLWGIFTIFQQTNHFISSIYTIFYVLPPKIILRIFGSFLQCGYLTSVICALLLTLNRFDSIYHHRYFKFIDRDKFFKYGIYFCYLYAIVVLCIYNVPDFGYYFYLQTLSFQYDTDQDKWRYVWEYENKSAFVILTFCLFIYINIFLKVLCLRKQSLTESYKFSDIKLLIPALFEILLTLSLETLWEYWLEPNSTSVHKFVILNYLFIIVSGTNTISSVLVIKEVQNTATFILRYKSKQSITRIISIAYAKKL
S. venezuelensis,SVE_0867900.1,srw,Solo,MQRKLCPNDISLFSGNDTFTQLSLHYLGLFSALYAKPHGYICLVICIFGLVTNFVHVIVLTRRSLRKSAVNCIMTVVAFCDMGTMFTYLVYNLHYVLGYSFSTKSCSNKYSYGWNVFLYIHVIGSILLHSTTLWLAVAMAFLRRITLQSNSFNSTWQKAELARKICVIIFIFTFISIIPTILVHNIVKTNLWYPKNEGTECLKDYEGDKNISFPEYTIDFPEFVLKDNCRIFKGNLWLSGILNKVIPSLLLFFLSFSLMAKLKTAQEKRKKLLENGKKISSDNTVKRKYTDKTTAMLLAILIVFLMTEVPQGVVMIITAIYTNDGFNVLYRNLADILDLLSLINSSVNFIMYCVMSSRYRATFLQVVLNRKVQKFLANNNGVTNLFLTKEYIPSTSNGNQLLKIKTTTLGNNLNVESRHLEKKRNLISNGNKNMKSKGINKINKSQYREMKKIKSPNSGKKYIIHENKNDDYIELSDTNSIFDDKKYEDSISRIEDDIEI
S. venezuelensis,SVE_0872500.1,srv,Srg,MNSTIGCEKLPNWFDIFQLTDFFLNSIVSKVDFFTQYVFANVIFIGSLNFTIYRYTALCMPTRFLIMWKNSTIIKMFLFQFLISVIIEIPFIFFNSQYSFMKCNRIYNNYVDTIIAFIVNIKNLIILFVITITSLTLNILMILQLKSKDTQKNNHFELSITIYTIINFVGMLMIFINTVLSILGDVFDHIEVKLFAIRSAPFVFDVATLFYTPIFAFSSNDLRIEISKIMFTFFKRSTSTPVQLFSTRRYSVWRSSKNTQK
S. venezuelensis,SVE_0878300.1,srbc,Solo,MVVVIFVTTAPLLYMMIGQFFEIDIYYLPNVTCGYEIFSRIPFYEMIQYLNVLIILVLPFLSVFFNYKIYVNATRTMSISNTLHVNEIKILFKGITIQSIFPFICQVPAISYILYYSATRNRVTVVEIAFSSFYYIGNGICIFLSLIIIREFRKMMINDFRGTNIAFPISNTVKTNRIKSIS
S. venezuelensis,SVE_0883500.1,srv,Srg,MVSFLTVVFLCIDIPGIIFYVLLLVFLISRLIAKDNDFSPKFYCFLIVNGFIEICFIILEYFIVRFPLFNLFTKEYLALKPLPGILYSLSIYLPCAIGSGQLNLTINRLLLIKFPLIYEYIMSIWGIIALMFIQFAVPFLNIIRTINVPVIVRMLEDNVTITVELDDYGLVYSILGWGIIYLLITSISCCIIGSYSLFLLWKMNKQSKVGTSKSERSLFAFVVLQTLTQLLLAIVGTIQFLSGYAGNEVVYTISLYMYPFAEDFLCLSCPIMLCCVSTLIRKKLLCFYFGSPVEQKLLSNSKIFTVKVLVARHVKK
S. venezuelensis,SVE_0883800.1,srbc,Solo,MDLIDNITDSFDHDTIIVANENGYEEDCRYDGTHDLHIKIYFIGVFAFSIAIISFFFNSFLTIVFQLNKNLRVTATYYFQILAIFDVFMAFNYVALMVVPVYFDKFQILWLYNIFNYYVVFLLMEGNVSIFCSVLLLVMATAERCFLNLPGCREIGISKFMKNNRRLITVCVIGISILYKGMTYYELVNVEKENCTDWEKYELSLSTLGINPTYNFWFMFLTRNIVERIVPFFLLIIMNFIIVRQLKKDSMKTLQKLQENCYIPGWNRTSHKKMIKDATRALVAIVSVNILCQAPQVFLTTWEMINKASLESNELRTFYSYANDTLSILCLVSSALRLPIYLSSNRPIRVASKSTIEKIFQSCFGKKHFHDSSHSETKSIVISHMGNGIKSDIKNGDESVLLPDLPTHDSPESGETTCDIILPSPIDKVDGMPTVIRNTKKGSFIRKLSKDSCSQLFV
S. venezuelensis,SVE_0886800.1,three_four,Str,MIDIVNNIIFTINIICGTIFNFIAIYVTIKKSKSKNGEGHLSIMFIVFITGIITSIIHGILRIQIFILNDTMIFIIEMLSEELFNFKRNKLLITFSIYFSYFTMTLPTSIIISRYIAICKNIQLSFFKNFIIVLFSGIFVLIIGHGMWTILNELPNDLIIKWVSRNKTLSNTLTANTFGIGSNITFRNWHVMFIELPIYFLVNYTIVIVLFIKYKRYMNTLNDIMSERTKKMNKDFMFILILQSFAPILVTSVPNLIFLTMLILGISSGVEVLGTNVLQLLNFTPTVNALLFLLLPLSNRKYIKKIFKYIYLNAKGRKIQPIIASIGKQLKSGN
S. venezuelensis,SVE_0899200.1,srx,Srg,MVSQPTSRIYTLLPYAILAVFGLISTIYALYKIKVIQKFQSPFGFLLKALFSNVLLYLVTILFWIFIRVVFEENDLMESYSRYIGIFFLFTWYFSEFTAVVISSNRFIAIAFPIYYRNEITNGKTKIIVGAISIVALCISMASLIESCSISYSTKTLTWGFPNSWCGKLYAFWLQFIGGIVFIIINSIIDISTLLLLIRRKQHSTVLKTNDKKHNSIVRQDVLFFFQSCLQNIKTLIIVVSINVFTRLIDSIYGKFYFRTFSWCLCYVLDVVIIIFFNKELWRLNKCRPISEVKIAFQGNMNSKQNIIN
S. venezuelensis,SVE_0900100.1,srx,Srg,MHENFHTLHCFGYICTVQLISNTITLTIFLFWSCPSLLFLKESNTYEIFNHIFGDFGILAWNLTMYSHIACCINRFIAMFYPTKYSGIFDKRTCTIIIFSIWILSICHVVPYIFFGCTYKFSSANLTWIFEFNKCTQILTSIDLYLSLTNVCCTLFLDFLIFIKLGIQGKKATELHGTSAISVINVKNTDVQSSHRKVTVKKSSKTKSVYSNRVRFFLQSFIQNILIAIELICFHIICYRVQGKIWAMVFSSCAWALCHTLDGFVLCIFNKEIRNSLLRVCFHNK
S. venezuelensis,SVE_0900900.1,srv,Srg,MVSTIYYIQLSYGIPLQIIYTFFTISLFMKLCVWKIKQYDNEFFPFMLVKSIAENVLLLTSMFFEKFYRLGMFPGIYQKFPFIKVILIFETNSTYTLLFSLTLVIAINRYLACSHPVKYKVIFSSEHVKKIIFAMILFALTINIVLHIVGPRKKSTNHDNLALEKSTKNLSIIGIIFVIGFYIPLIILSCVFNFLMILRVRKKDFKKITSKATQSLFYYSIFTLVNFIIILVIIIGKTMDAFLNIFPNEKLVNHVNSIAFELGTYGSFIGSLILSSQLRNIFYSKPSKVQIGEGNGVIKQLGAHYRRHSNMTSRVINQSHINT
S. venezuelensis,SVE_0970200.1,srbc,Solo,MSNSSFLFALTEEFYPINKNYYFAAIQYVVSMSIALIPNLFFLYATFTCSAFKKRQILKRTVLVFNILNIICIVTSLTISSYYLNGYYNGGLIRVNICFYMRRIQLMLMTLLVTTPLVFTVERYFTVFSRNNFQKCIAFAVFILVNFPSFVMFATMFFQSDIAWVPDEICTLIKSSTSSTVNKIIELIYYFTLGVPLIVGIINFFMIKRLNSQASTCPSSKSKQNENKTIFINLIIQTLQPFIGQWPSILFYFYLQSSGNNIYIVWRILDGLTALSLVSNILFSIVFIKDVRNTIFRRTIFRRISIKVVNEVTNVAPIKNDSTSKFKHRKSLVVKTQKSYNE
S. venezuelensis,SVE_0996500.1,srv,Srg,MELCFIIVEYFIVRFPLFNLFTKEYLAFKPLPGILYGFSVYLPCVIGSGQLNLTINRLLMIKFPFIYKYIMSIWGILALIFIQFAVPFVQIVRTSTVPVIVRMLEDNVTITVELDDFDLVYNVVGFGVVYLIITSISCCIIGSYTLFLLWTMNKQSTEGTSKSERSLLALVVLQTLTQLFLAIVGTTQFISGYAGNEVVYAISLHMYPFAEDLLCLSCPIMLCCVSGLVRKKLLCFYFGSRMEQKFSSISKVSTIKVSVARHVKT
S. venezuelensis,SVE_0997500.1,sra,Sra,MNKNNTDDEIFSLFPTFQRSVIKNNYIENETSIDSSTTIIEGGNIQDYHFVLPCIISFGLIGNVLSLVTILQSRLRKTNASAYLIVLTASDSLFLITLLLVLFQIDFYSFFSCTLIEYLLSTSASVSSWSIAALTIERFSAILYPLRHVTYGHIDRFKMIIFWLPIPFIYNLMYFAGLETNAIKDERKCKVTEGISGSILTIIDIALNYIFPCVTVVALNFLIASNISSASNYFNNHTSTKEKNVFISDKVKDFQKSTSSNVTGSCSSKETPKIYVSRKNIGTGKKYVGSTRILWVVPFVYIVLNTPYYTFQIIDRISEGAVTDYFIHSKNPLFVIFNNVLLYLYYFNFASDVLVYAFSSRMFRKTVLSVWKKITCQKLCYKHNSNNHFNNCARSPGRPFTEIDATGFNSIRKEHISSCDICSEKKSFRLKIIH
S. venezuelensis,SVE_1000654750.1,srx,Srg,MLTILVILYYLIVFLGVLTNGYTFWYYFFVLKKKNSYSLICISFISGNLFVLIPNFLWLLFEETKLYSPSLIGQIVIFGYYSGTLGRLILSLNRLFAIHIPFKYKEIFSNKHTYFYLSITWIIGLIMIIPLSLGDYCYFIFIDRIWSYGTTNFCIKVSYIQDFLYGVTIGSIIIFIDIITASILIKKNITKLKNKINVKINKSSNRKRRNIDINIFLRTVISNIFLVLSLISFHYFSLFNVGNFDYLFVTTSMFWMFHHFLDGTIVGLFNYDVKKHFLLNFKKDTKIISHVETTRNPHMIRRR
S. venezuelensis,SVE_1009200.1,srm,Str,MCSVKAQIIILDIHKYSTYVVEVFGLTFSCLLIYFLNTDNNGIKTSYKLCVTIHCTMDIGLGILHILGMFQIEAVGTTTFMTIAGPIQLINVYQVHLWSFVIANFFFTSSIFCGSITIIYRYIVIVKRITLETKKVFFMTIPIILVAGISASQYILSFGPLPEEEYKMYKKLLNSEIWTRDKIYGDDFIALTTPIYRKAGSFFSYFTIISYIIAAGIIVVFSILISSHLKGNRSNMTESTLKLEKQIQTTLLIQALFPIILGYIPDIIPLLMPALHIPFQCYIIFVGVCITYIPLINPCILLFMTPQYRKRMFNYIWKKEKVTASKTATFMK
S. venezuelensis,SVE_1021000.1,srv,Srg,MELLFIGLEYFLVRVPLYGIFNEGYISLGVMPGLIYGFSVYLPVTIVFGQFLIALNRFFMIKFPFTYTKFVNLRVMIISIIFQFLLPSILLIWSFNQNIQASYTYDNSSTVIESTDDNYTMNSVLICIIMCVFWSIVNVILSALSIYFLTRVNRKMNEKSKEKPLLTHSCIQTTAQTFLAIVASLQYISFVTGDQIMETIAMHLYPFAEDAVSLSSAIVLFCVCKQVREQFLDFYHLKWLWEKYETKFTNNSKQTIKASANSIDLV
S. venezuelensis,SVE_1021500.1,srv,Srg,MNSPRLLQRGRYKYFVKYDVCIFFYDNNNVNKAYYIWGVILSGIVLIMTLFLNICNLRKLTNKSNKRIRNLSGRADLHLAIYTAILTIGLIWLNVYYTIRSIGVFLNNNFIYQSMLPHFGWILDIIVFGSVWSLFLISTKIRRSYIKFYKNLLHL
S. venezuelensis,SVE_1029300.1,srw,Solo,MSFDTCTSSSNVVFVETNFVQIWKHYLYLYSEYHSNVALGICIVGILLNIVTVAVLSRPIMRNSINIILCFIAICDIIVMFSYAIFNFHYYITAGMRCAISDWSYGWALFMMFHANSSVIVHSTSLWLTVSLAQIRLLTIRKATVGPTGMFSEKATVHLSILTFFIMFIINIPNILSMEIFSTDSIEFFRPFGCSTIINYQNDIFYNFSSNENETINGIEEINEEVKYSVYSYVRKNNCIMIKISYWINGAIYKIVPCVLLTISIVALLKMIKDVKKRRIKLAECTKRKIPKDHTTPMLACVLIIFLITELPQGILHLLSGIYTHESFQDHIIKPFGDFSDLLSLTNSATSFIIYCTMSRKFRAVFFAFFCGWLPKPIKKHIRETDRFETKTDATKIRSSRGNIIESNMYDYTQHRLSIASSFASELYNTIREERKMSWFSRKFYNGRGENIEKSNLRHSIEYKKSNYLTVPTSHPPRRISLAVEIEKKSEKDISSPKFITNVDESETQNQLSGTVTTPSTSLVSKPSKGRKKFGVFKKLVKNNGFPDNYRVTSPERRLNSLTQEIRFLG
S. venezuelensis,SVE_1030800.1,srw,Solo,MVICDNDPVLFDTNNTVTMFFLNNIKYFGNSYKNIHPYISLFICIFGVIINFIHIIVLTRKNLRKSAVNCIMTVVAICDMLTMLTYLIYNFHFRIAISFKFFNCINPFSYVWILFLYLHATSSIFLHSLTLWLAVAMAFLRRITFKIKSIKSSLQNSIMAYKICFLITIIVFISTIPNIMVHKITKTSVIWNSENNKEYCSTSSNNYTLMTEVIYTLDFAEIAKKDNCKIFKANLWLTGIFNKLIPSFLLFLLSFSLIYKLKKAHKKRKKIFNQCRKISINEQKNKKFKTTVLLLGILVVFLLTELPQGFIIIFSAIWTNDVFLEIYNYIADFLDLLSLTNSLVNFFMYCIMSSRYRVTFANVVFKRNFGNISNLPSRMTNSLFTRDPTICRSETFSKTKKQRSINIRKNTHQSIYSLNYTDKKFKKNSQSSSGFVKNKRYMGLSERALNTNRSDTSSFSNSSSLYSHYNWKRENSHEVKSLFTGVYCFEEYNQNTYYDNEENQIVDV
S. venezuelensis,SVE_1036800.1,sre,Sra,MIPALNDKDIKNIYQTKGFVLIRSIQRIFHFFLRCSVFCIVIERLIATIKRSSYEKMIMNVFLMTFIVVIITLLSFASNLLISKMPGAAKNVYNIVLIIIDVPVIPFIIALRILNIRFRMAEKNIVCSLSEKYQINENIKLTGICVLLISSIFSITVITNIYNSCADKKILYEDRVNIGYLAKHFAFFLALLWTIWKNKNLFNANVKVLFSTTKDCEKNQTTLAPKKVEQDQYFEILHKQQNKAFDSKKTTSNKFGKIIY
S. venezuelensis,SVE_1042900.1,srx,Srg,MAEMQNIFGYICLNHSLSNLSISLIYFFWTPLMILVLPRSSFIHYFNAKIGQIGLLFWYISIYCHVFICINRFIAVYFPLKYNSFFSSVKTKIILIVLWIVAILHIIPYCFSTCDFYFDPDTYLFTFADTNCSYILGNVIDFRLTTIYVIMTISIDFLICVKLVLRFKKVINRNEIKRVKKKTTLSPFAVNKTMFKFTAIRKPTRKSQFKDTVTTGGSSYKPTLKTKFFFQAFCQNIIFLLEILSFYVFSTYFTTKMGIMVFTSCAWILCHILDGFCLMMFNKEIRRTITRCELYHN
S. venezuelensis,SVE_1056900.1,srbc,Solo,MESLINGSSIGNFTEIEDVDGIDCHYIDHHLINIRFWLVSVIGTIIAFIAIILNTFLFLLFITNKSHRNSPSLYLLLLAFFDVFMGVSYILVMSGRVVKNYYGNLFLQKIWMSYVVIMMAISHIAMTASSYLIVFATLERYMITIGHSSVRFLRKYRKILALFIVLLGFVSKGTIFIELNVSINEECIGTFNEYVLGIADFLYENHAYNTYWKFYYRNIVTVLLPFFLLMIFNIGILNKLRKRDKHIVTAFLLKEQESLKARKTRIRAATRTTVLVGLTYLFSNALNVVITIWEHVDAITLTEMYFDFYVISVDLVSVLTVIASAIRIIIYACSQTTMRSEIKSFWSNGLRNLHCSGRKKMKALKIDANSEDYDVMEIKQNRDDNHIITFSKIEINITDQNKEFLV
S. venezuelensis,SVE_1077100.1,srt,Srg,MNFNQLSVVIPFTLLPDTMLQGYKETIFYDIFCEADTFGYNLSILLLLALSIDRLSIISFPRLFTTDNKYRIRIYILLSWLITVTLIIVHRIFSVYKKYNPQGYSLYYDINSVMGSEIFKGFTVNLSTTTPIILFISYIFCFIKLRLNNKRVKSIAQNRNWNFERQILLQGFTISLVYELESIFFLQRSLFVKIFNIQNVRYFNAFVNTFVIMYTGSISVSLYIFNKVARGHLIYLFKRLSKNNNKIFSTTKNDNDKYRNKLVAYNNWANK
S. venezuelensis,SVE_1080000.1,srv,Srg,MKIPLVDEIFLIIQIICYILYILLTISFVFKLLREKHCDYDTTTFLYHFIANSIFDILQALAVIIFQKFLHWDILISYYLSSKWLPIIYGPVLYTSILGSVLGSLITVVNRYCALYHVLFFKTFWTKTICLKIIFLQFTIPILLFSFNFYYSSRIIYVQSYKFYVFSVINDLASMMNNVILSIITFICSVISIVLNIVILRKYTEIMKKTPVNERSKRLLMLLYMVVTTLCLLALSIEQFVRLYFGIVNDKEGIYILTFLLYWIIPIFTIIQPVVTLIMSKNLRNYFLSFYFDIFLPKRLRKSNSMTIKTSIQVTRLNKVTNIPQNNFIK
S. venezuelensis,SVE_1080100.1,srv,Srg,MEIPLADEIFLIIQIMCYVLYILLAISFVFKLLREKHCDLDTGTFLYHFIANSIFDILQSLAVIIFQKFLHWKIFVPYYLSSKWLPLIYGSTIYGSILGSVLGSLITVINRYCALRHVLFFKTFWTKSMCLKIIFLQFMISILAFSFNFFYTSEVIYVKTYNFYVFTVINDLASMMNNVILSIITFICSVISIVLNIVILRKYTQIMKKTPVRERSKRLLMFFYMAVTTICLLSLSVEQFVRLYFGIVNDKEKVYFCTFVFYWIIPIFTIVQPIATLIMSKSLRKYFLSFYFHKCLPKSFQMSKIVAVKTSIPAIKVNKVSNIVKKNVEKN
S. venezuelensis,SVE_1102700.1,three_four,Str,MLTLILNTTVNILTIVLCTISLILIYKRWNKDDIFKKYNEMTALQFSLGIVSGIIHIVAKQEVIIDSPYVIWNLDYFNGFGKTINILVIYIVIMSIYINIAMPGVVLISRNWIIIKNKNPKTQSRHLVILILLVVSAVSEIAFSIALCFSMGNEGDHIRKILEKNPFVINYLSPKSLNPTCKLTSVYFMIVTISIVLFFNINYIVFVVQYRNYKKHMNQFDGNMTEKTKKMYYEFTRILCFQSLAPILITGIPVLGFMASIFLRFEAFIFSGATYLFLIICFVPALNAFFFIILPLRNRRIIRIYIRRLFCIKKESSIKLINLHITRIP
S. venezuelensis,SVE_1103100.1,srt,Srg,MVRIFLTSESYNYYFNCSFYSNERWWEEGKPNHFIGIFYLVLGFIFEILYIPSLIAMVNSELIYLSCYKIMFFIGLLDFFVIIINAIFSGYLGYIGAVACNYPLLNYVLGVLALIGWITASTSCLLLAINRVIDMFNSHLSLLLFDGYKTFLWLLIPIIYGLAAGIFSNPPGFTSKQMAWFYDPHYGTYVPQSFKAPNYINYVQVVHNLLVTSVMSIVYTVFCGLIGLKYKTTHKIRLTDPKGSLFIQSFIICFSSFVAAAVNVYMQFFPTPNFVVIIGHFLWIFTHGFTSVILIVFNKTIRGEIKTFYFHMIGKNRATRVSIIKSNSIRH
S. venezuelensis,SVE_1105400.1,srt,Srg,MKCFIFCIIYNFEKFRFVMIIVFASEYAYRTFYDCSFFSDERWWKEGKPSLLYGLLYIIPGTFFMIFYIPIGFMFLKRDLWKLTCYKFMFQLFILDEICLIGCSTFSGIMALKGAVFCNYPRLSWIIGMTSISGWASCCSMCVFTALNRCLDIVMPRINTFLFHGYKAYIWMGLSLCYGVYIGVFNGPMFFSAKTYGWYYNPYYGTNLTGYKSYYDYTNYSHVANNFLVVILLTSLYSYFCIIVISKFRVSGKFKITKLQQSLLLQSSILCTINFGASIFYIYVQYNDSPFLVIIGHLAWIFTHGFISCIYIIFNKSIQRELLRIICCRKDIVVCIEADDKTKQIRNSMNPARSTIKTII
S. venezuelensis,SVE_1123500.1,srg,Srg,MENRTEYFIDKVGYYIPFIYPYATGIEMIIHTTIVLISYPIYIYIMYQIIKSWKSSEELKSIFYKATIIEGCIDITCHILEYIFILRKFYPPCVRWFVKIQPPVWFFMIVVNLKEYMLIVQLYYTAFISFVRWITLHYPIQGYLILENCFWCFNGAGLLIGCFVLLQFEVSKYPYKLDTDIMPYSDNQDIGFIGFDVLISFHQPMFLIVSILSAIFTIPALITNIFTLIKIEKLKKSVTDVSDTKGIKRKSQKRMVMYVLIMSMNQFIFMGSRIVIFINPKIGGFDKSVLMMFYGLRPYIMHFVCLTSPYALLILNKTIRQKVIKSLGSLPFLKVLKHKSTLKITVSKVVSKTLFVTRKKNSNW
S. venezuelensis,SVE_1157700.1,srv,Srg,MITKLKRRFPIFKNSFFKLSASQIIAELIMFLQFTIFMRGRKFHWLSEVIKEGTIIWDLLPRLSVAFHYYMKLVLYLGHVLFAINRLSAAVRPMEYERCWNSKNIFTARLVQFLLPFVVLVYIPMNPLHVIRFQRDKDTERLRLYLGDKSNYLTSNIDLIGCLLCAIICITLYTTVIFIIQKQSKIMKESRRRTSDMKSEDGGGVSTTKISAEKRILFTAMALSISLILNAIIQILTFYGAYNDDDDFIMTVNDISYPVVDLLYSLSPWLLLFTSSAIQKALYKVLCTDKLQGVFSQLTGSQYDCVPDTTNV
S. venezuelensis,SVE_1183400.1,srt,Srg,MTNVQLFVIVPTTYADIQYFEDYPESFWYKFCMEADSVGYNCGIMLIFTLTIDRFIVFLNKFGRNSKFTRSIVLSLLSWIYGIMIMVLNNVYGVIKIYDKENFSFVVLIDQSKPQAIPFLTYTQTFSKVLPFLIMALYIFCIIKLKKFSKHKSFNSENRKVEKTLLIQGITFALFYEVEALLFYKREFILSVIGKDNEKCYLVILNLFVIMFTCFNSIVLYIFVDRARRHLKEMITCKKCDNKSKVKSLPIVHRKSVY
S. venezuelensis,SVE_1217800.1,srv,Srg,MFLITLLTSVNRYIAVKYPLLYEHYFSKSKTIVILLTFIILSTIVGLGNIFFNPEFIELDVFDHFVPYFKSKNVIYYQLFYQILLFGIISISTCTFNVMAILTLKKHNKTGNKYKKELYYIIYSIFIFITLFIVEAYFICKFISLKNKFKLFANISYFLHIVAFDLTTLGDFYFLIYSSSELRKALKTSFGCSEKIKNKVNIKIPYRK
S. venezuelensis,SVE_1223800.1,three_four,Str,MDTLDNVFYSANVFFGCLFNIVAISLVVKKQNESQNKYYTFMLFLQFGMAIISAIVLGCLKLHIYVFDDYMVFSLQPLSYPLSNDFIHTCLIGFLIFLLHFNITIPTGLIAARFFIVCTNSGFKKDSMIIILCLCITLTIIQTFGITFPFSEHISSDIIIKTLEKQRIDSNKLTESTIALGCKVTDLKFLPLFIIVPIYFTINYLLIIYFVSKYKLYIKEKKAIISRNCQKKNKECMTILIIQAFTPVCLTGGPFVLIVILIIIQKVYIISFCINNIVHLISFIPSVNGLLFAILIPSNRKLILSTLKKILDTIMCKKSNKIYNIRTITVINKSLSKIYNSKTNSKRKITYQQNPVNF
S. venezuelensis,SVE_1276100.1,srm,Str,MAFTFKKSTINENKQQRFIIRVNSATNFYYALICAIVHPQIEISNDTVLIRCYGLGRYIRNGSVRIFLVGLFIYSYVMIFTIVSVGFVFRYYTLCKRILLPRSKLIRSYLICFGYSIFSGVLYSLNFSPYVPMSFRVKADLNETIWKYEEPSFWDHVLIYRQNNIILLLSFILYTSLTIISYALIIYLVYKMKKLMKNNKNSFSTKTFILQKQLNKILNVQSLTPIFVILLPVLFGFILIISKVRVNGFGLFVILGLEFVPFVNGLSIIILTKDYRIKIRGKKNILAKTTTKVFLT
S. venezuelensis,SVE_1443300.1,srv,Srg,MITFYTLFEIPKFGFFKSFFEENDWIAILFFVLSAQQTTFMFLITLLISINRYIAVQYPTKYEHYFSKSNRIKIIIFFLMLSTLIGLGTIAFKPAYRMFEFADAFVPYFTNKNVVYYQIFYTLFLFGTISIATCIFNLKAILELKKHKKIVTNYKKETIYIIYSICVFIALLIIETFFVFRIIAAQYEINSFKYMIYFCIAIGFDLTSVGDYYFLIFTSNELKNEMKNILRCCKKQTSKVSVKIVHRRQFIPKTKNIG
S. venezuelensis,SVE_1566300.1,srab,Sra,MFNTYRMKGWHLNYRTIFFTILISILIHSFFTTINDIFLLTNTNINIKNQNNTYEIIYNVVDLVSLYSPGILRLGIWLFVIERLFATRLRKTYEKKKSFIIATSFFIAPFGYDLALYFCIQTWRSFEFYYFTLCILIDLIILILILSLLYLNVKLKKLTFQNNIELSEKFQINENIRLIKLMIPLVFSFIFINIIFNSLIDYGSLKFISKDDLLSLNATVLFMTYNIFLVYLLIKFKKINDTKVGCLNSNSKRNEFTDTANNSQNNPKLNTIAGSVKLFNVDGKKIPTHYDQKSYFEMFAKSWNT
S. venezuelensis,SVE_1568900.1,srg,Srg,MHLFDKPKKITYWGYFCEYFKEHEWGAIAYKFLFFQTITLTISGNIIISINRFYALYSPINYPRIWNHRLAIIIVLCQIIVCYLAYTHILYTKTALLYDHSTNSSQFTTPDKNFSLANNGVLLSFCVVGIIITGILNLKIFKKFNRIFNKMDSGKYGSKLAMISFMVLATFFLIITAVQISVRFYAIKTQNSVLKNIINEYFFYSIPILNTLQPYLLLFLSNQLRKGIMKFLCAIINRNKVINIKTSFFYKDDLRIRRK
S. venezuelensis,SVE_1569200.1,srab,Sra,MDTVYFLGILLNISTMIGAFATFFRIKKVRHFHLNIKAILYCFLCHIIIGTIGRAGYYFSILVLPEDIWRKVTLPLTAIQSGASICFAFNSAKILIERSFSIKNSQRYEKSNYSLHIYIINILEFTLIFIMKYYMQTIPFLIIIQIICLTFSLIFYPILMYSKNKLLQKVKEDFNRNSVFSLSQKYQILETEKTAKILLPFIVLETIITFLIGLTYYLAIYGNFNNKTTADLIIYTRIFAYLRDTTTVLFFIFITIPQNKWRKYIGKILFKNRVSTNDSIKISFAGQNGHLYFEQLHKQWL
S. venezuelensis,SVE_1576000.1,srv,Srg,MNIINDFHKDNDGLATNYYIILPICHSNIYGVSLLSSLNTFIALFYPLRYKRWFSKKRIVICLIIIFLIGLINGIGMICFHPCYKYSISIKGYIVAFKSLDVIYYLMAFSIVINISIVVVSTIMNTTSAVKFAKYYQTINTKNSQNVSIFLYAIINFFIYTIVVVYTFGKIVNFMIVQSDLFDSIAQQIAYWNVDFLTLAYFIPFYFYAHQ
S. venezuelensis,SVE_1578700.1,srsx,Solo,MINTNETNSELLPLVSKVLNVNIFILPIFGIFGNICIIMGTIKNKEFKNKCGILIANLSFWHSIMLVFEICSGIRIFTKNSAMERSRCLHTIFLHLFSSAMAKWLMLATGIDRLIAILRPINHKYWNNTLYSIVISLPGLLFALAMVVIGFMTIDDEMLSFCNPISVLITKVKTIYRFIIVGFSFITIILYSLTFIILYIHTKKNFKNDHSMLTIHKEMATSLALNALFFVISTFLGYLIMCLVQIFSFSRTTIDVFDALMAIPILITSSCMYYLLFWRAHRYRTFFKEQFKCRSKLEVKSINTTRISHKKNGQTRVFI
S. venezuelensis,SVE_1578900.1,srt,Srg,MEPQAPIVRICGFIILISCAIFVVIELLNLIILCRKRSLLKKNFVYLIITVVGFLDFGQQIIHLLSGIWSVFYLNPPFGLNMFLGALVDFLYNLSIVSGLVLSINRFYIFYNLSDTLTKITKFVFGILLVFFVVTIIVFFILHQFYYLRVYYDIDVASWNFVSTEENNYAHYYFENRLMTAINLLSLLVFSIAMFKLFFQKCLNSSVSMTIQKYDYFIFIKVILNFFCIFTTQFLWECGVYFWPDYDYLYTILNTLWVLTTGRDCCLNIICLSEIRNDIVKMFSRKKSNLGSRKLNVMYTRRLTLKMS
S. venezuelensis,SVE_1582300.1,srsx,Solo,MCSRMPDVKLLIRSQQFMSDSRLAGMDGHYVINSKGHNVSAYSLGIEELEKHCYDEKVANFAHLLKIAANTLGSSENCTEVVDQELSKSAIFYIQLILSFIFIGVCIIGSIGNLLTVLVINKTKSLHNQTNYFLASLACSDLFLILIGVPFDLISIWHPRRHLNISYYCEITSTSISLFTFASILVIVSLTAERFVAICYPLSLRSRFDKRMALNVIYGAWIIALIPSIYIGMQFKIVSKDFCGFNREIEFFTDYNVQQTENDTEITSDEDIISKYRENIFGSCDFVRNDNSIINKYTFEIMLIVTFVMPVIFIFYCYVRILQTLSNITSYHVPISAKASIISNGNFNESNGNRFTQSQYISNSKNLEQMPLHSGTRKSISQSCKLKSSVNKHKMTQKDSSSAISTPYLTVHSGTDRILSNQRAQKVVMKMLITVTAVFFLCYLPYHIERLIVIHGGDFCDNSIWCRLLYPITGLLQYVSAMLNPFIYNLMSVRFRNGFRTIVRNMFGQVKGKQIKKRACSGDEFRVQQQKKVNI
S. venezuelensis,SVE_1647600.1,srxa,Srg,MDGNNSTDNQELQCMPTESYDFLRFALVIYVGTPISILGIIFNFILIRLFSISQKIFSPTLYLLVLAILDLFICFMYIPFFTVDALAIYLKLPFFHDVYQKYVMFLYGVSKQTQFASTYVILFGTLERFIMIANIKSLSYLITSRGRFKVIISIMITSFLLRLPSYFEYSIEYLEGCLPFENYGYYPILADYDFYPTFSFYVFNIFHVMIHFILLLSLNIMIVTFTKKKISKVPWKHKEFTQLPKIAALLRKECASQSDKKQRDEIRYQTRTIIFIVTTYLTCNLPSVFITVLEKLFPKSPLIINEDETSSRFYTLCSDAISILVCVNSVLRIFIYYAGNPVLRDELNKLTWKDKKIGNCEAEPTML
S. venezuelensis,SVE_1648600.1,srsx,Solo,MGIFIGIKNSIVGIANLIIINPNITIYDPPIYCLIKAISDGYINQSYCLVILARIVLFILMIKCPIYYKNKIERTCTKKALWIYFLVTAILSGYHIIDISLQQYVFTFCNIAQIVYVDKSSSDFIQFVIILVMIFPVQFLVILSVKKMKIETMKKGILSVIWYTNCTFLLTWGVPNFLICLCYLLDARRDISFCLQDLNVLTICISASMELPFNYFKNKEFKKYARKYIKKDIRKSTIGR
S. venezuelensis,SVE_1653700.1,srg,Srg,MSNYSENNDYILFKVTKILPFFSVDVGLPTLCFHVLLSIICYIIYVWTLVCLIKYKKNLLELNETFCNTTIVGGFLDIITHVESVAFNTFNLYPPVSELLKDLEDLSFIWTIYYSSMYFFPFCQFFLCTYIAFQRFVIIFYPFKGENFLKATFIPFLALMFVTSLAPTWYLWNAPIFFNQIPTVFTNGYVLRVLNYKKKDWMNNPSNSRNSIIHYSTFIGLAFFFNIISSGKILVYNYKQVKKSGENSKQKKVNLNMLLYSICTTFTQFLFVAINCVWYFVSTNAEDPSFYYLCYVLRLYVIHLICLTQPFYLFWLSKKVRALILRSIGIKAEISNMVGKSTTRARVTVKKN
S. venezuelensis,SVE_1655200.1,three_four,Str,MYSITVTSLPAVLCFIAVNKPVPEEVIYNHFLLNNYDTSMLEKNSFSICNNLNSTIMYTMISSLILFFIINYVLVIILYIKYHLYMKEYNSIMSNHTKRMHKEFNRLLLLQSVIPTFIIGIPVLYYVICLLFQNYEMAELFGTTIQQITSSVCYVNPLLYLVVSRRNRQYLKNYFEKVVYVLTKCNFKYFGRNIVVGSASRNMG
S. venezuelensis,SVE_1655300.1,three_four,Str,MIWIKDLIDLLNFIFGVTFTSIALKKSYKILLKNEKNNNGYSHIIMGLSIFGLISSIFQFIFKFHLIIYDGEIIIIIDFFDQILFNRHTNRFIISFYTFLCYSNIAFPTAIVFASYTIMCRNIQLSKEKTIAIIFYVILAGIVTCIPVYIMLDNELPSYIWVKYVELRNFQTLFVSKSSRAISCKAVTYPFILS
S. venezuelensis,SVE_1655800.1,srsx,Solo,MLYPTQIKNACLQGSTGIICVLSNLIIVYIALKSKRFLRTFTNFTIFQLAVADLIFGLGAMLRVYNDIWPILRNVDSSISLEICTALLTPHTFGYQLRQFTVIFIALDRLAAIKWPFAFKNTSHNKKIFVTFGASFLYASITIAIGWITREPLSSTTRCRIFYVFNFNYLIFYIASGVVITFITLYLQILSWYESHKRDKETTNLKRGKLSINENQIVQKFVSDYAKVKKTISLVMLNYITLWAIPQLVFFIFLLISRDNTLASEVMAYQNYLNALHSCLNLVIYLLTYTEIRRLFSKHILLKDVESSTTGGGNTRLRPTIQTKNFSTQQATKRI
S. venezuelensis,SVE_1686500.1,srab,Sra,MDVCEDAYNTTANPLIISIWIGLIVQNIFCIFGLLMISFFLIYYKIYHLHLRVLIISLHFAFLMRTIGTTYRGFNFLIKLILMGDDNCNLLQKKSYCTIISTVNSLPINVYHYTFAAISIERIIASLFYKKYEKHSFIILPIIAIIAIWFQPVFKACKALTDPSLPLKNEKLPYCNSFATKISNPMGYIKNDLPFCFAVFFLNIIIYTCCRQRLKSLDDTKIMDNRLTVKFVLREILSTTVLMTILAISYTIDITLNTLFVYILYITEYKDNRSFAIDKELSAYIIPVYILIYIGIFISLSKKIKQKTFKIFCKTKMVAFKNNNNKVTPTNEVDKYFQIYKNKWG
S. venezuelensis,SVE_1707600.1,four,Str,MYYFVINSYISAAVGFFGNILLLKILWTLNNKDFEIYRKILIHSAISDIIFSATIGITMNTMEPLKGNLVSWNLGIVNSLPNFWTIIFVVFHIQVYFLSLSNNVITFSYRYGILVRNYKFTNYEYLMFTGAVISWNLVGMILWCMSLVEITDVDREYVESILDPRMFLDLQGVYKKYLIFKVISVKGRIASMFTMITVGIIGMTVIYTTYRINKIMAIKKDRLSLKTQQINKQLTISMLLNVSVSMMLDVLPVGIILMAAYFGIQMYGYAHIFFFTFEYQPSLNLVISLIFVKPCRNEFLRLFGIKKNSVVILKSGTYPVTNMRI
S. venezuelensis,SVE_1746200.1,srab,Sra,MLYFLTIICCYTAYLIKKNNIILTYNAEIRYVFTYGGVHFVQIFFIIERILAIIFIEKYENFNPVVPYFGICCHVLSYIIYGIQRAIFTIYNIYEESILIEISIVMFIAFCAYLIIFKKQKSNIINQKSAFIEVNLSTKYQFIENQKTYSIVTGLLLLFAVFTVITNVIKILFTSVFENVLKLDASNYIFFMGVFFKTACTIIYLLWKIPSLLKNFKKILKINTKNDVNIISGKGTNERNNKITHRVEQNDYFNQYKEKW
S. venezuelensis,SVE_1767700.1,sre,Sra,MHRFSLICSFVERVIATKYCHVYEKQVSRAFPFFLSIICEFIDIISGLVNILLHISILIFSLLGSVVLLYQNKKLEKEYKRNLTGRFIIKDNIRIVKFILPKLLITNLGEAILLLFSLYYGISMKEMQIARGDIIFYCLIISSPTLWNIMNLISKLFLKLNLVKRNSEIIELERKNEGYVYFNNLYQQWELI
S. venezuelensis,SVE_1853900.1,srv,Srg,MIDGLKIVTILEYTTTLCSILCLPVNIVFLIMLYKRHNQPTLASSFFVLCRHLTVADILMMLYSTILFKFPIYGWIPSKFVWELKDWSVLPVLGIQYFGHAQAIGIIGIALNRFTAVYSPIRHRDFWWKKSHINLLLFLQWVLPLFCILPLFFAEFKVVLNSHTGGVLFYASDYSFHRVYFLGMSVLDGGIINAFVSVLYGSIFYHIKMHVTIKKPHEIALRLASSGFLIFLCYLALGIFSLLSALAPPTDPWMYRTIWFIVNDILCSTNAPILLALNKPIRKEFFKVIGSRNKTNINKKEHLLIEHI
S. venezuelensis,SVE_1857100.1,srv,Srg,MVYVILFVDIILLLYKIPSMLLMILSVCVIIKEIKNQNDNFNRQFYIIIACKLTNEIAYTTTVYILFRIPRWGFYNDYMENNDWTARIFHVLATQQTTFMFLITFLISINRYIAVKYPFSYELFFSKSKIVIILLFSIVLSTIVGLGNIFFNPKFRKSNLFGYFMPIFMSKDVAYYQIFYTAFLFGLISIATCTFNIMAISTIKNHKIIGNKYKKELRYIIYSIFIFVTLLFVEAFFVCNMIAIKYEIKSFTEVLYFLHVVAFDLSTVGDFYFLIYSCNELRNSLKTTFRCSKKFNNKIKEKVHFQR
S. venezuelensis,SVE_1858900.1,srv,Srg,MENNNWTATVFYVIVSQQTTFMFLVTLLISINRYIAVKYPLSYKYHFSRSKITIILLCFIILSTMIGLRHISLNAKYKKSGLYDFFTPSLEFENVIYNRIICHFFIYGTISIATCIFNVMAVLTLKKQNKADNKSKSNLKYIKYSIFIFITLFIVETFFICKFIALNNGIKFFSYITIFLFVVGFDLTSVGDFYFLIYLSSELRKALKTNLGCSKKFNNKVNIKVIYRSINEDYSVTITFASPENRVNEIYKIPSRKPSRVNSPLNIGERKTPRNLRRRSLIPVASTPKRHPPLSRSTHNSRSTQINMEKGFSIGAILTPNSNDSFRNSEEDISPHISRMERKFRLLGIEDEGDKLDALFLSLSPGITEAYIAEFGEPTSYSTFVKNLKKRFDGRQTLLWTEITLADMKLNE
S. venezuelensis,SVE_1889700.1,srg,Srg,MLQDFILYLNSNVSNRLPNYGVFNTFFEKLRIDQVDIRIINFISYTTIFSQYIGVVFLALNRFTAIYLHFHYDTFWKYLLPIAVIIIYLFPLIFTWPYLCNLTVYRLLWDDNGEGGYNITTKENNCVFYNKSVVTSAFSFGSSSISFLLNFASLAYLVKEKGFLALFRNLNNHSKNTLSRYEITKTKSERNMLLCSILSFFFGLLFGIFSQLSRYFAQTKNWKSFRINCMVISVFYDLTSLSKCWMLFVTSETIRKEVKRIIFGIAPKTQIQFINVKAKANKVTVLGFDLPFTFDLVSTFDLDLYVVELNPLFSCALENEPDNPDEPGILDGSNSVLSSDFL
S. venezuelensis,SVE_1893800.1,sro,Solo,MDIYINENQGNYSITMPPYINETDIYLYFDDEDYETLQLHVTIISTISVIGTLLGNSLLIYVLLKNKALDRNRKFFSHHTLIFHMCVADLCYVFFSLLLTLLVSLFFVDYNFPEFLCKLQKYLSLIPMYASPFLLVATSLDRYYAICEPIQRLHYNFFKTPKFFAYVSWIGALLCAIPNFFLWGRTETAMCDVIPETYWIAKGNTLFFIIFAWILPCTVAGILYYFIYCAAYKVNRLISSLPENETHQKSLKIDETSFFNQRCSIALSSANHILFSKNNTTAMVSQGKIDVINRLRDDSFDKKKKQTIRLTMTIVIVSFFMYAPFSICNFLDFLNVKLGDGKIATYILFLGNLNSCTNPIIYFYFNFKYLARVIQEICKCFEIKNNFSTLSNQSMNTRI
S. venezuelensis,SVE_1944100.1,srt,Srg,MEANKTVKYEDYTINPDLALNGEYVYNHTCQFIYKSESLTNVQIGVIHLIISLFLLALQFLTGWSFHKMNKSKNNNTFRIMQHQGYLATISLLSHLSTSIITILDIQHNVYFETIVGACLQCSYFGCVTLIVLVTFNRFDVMYNFDYFSKIPRDKLFICGIIICYLISLPFGIFYSIPRYRLVYCFTIYEWYCQGLNPVSYVTCDIQNKMVLVMLSIAFILHVLIFLKIICLRCYTSKKNLLTLQDMKFLIYAVLCFATVAMLELMWNEVLSFVYSSDIGSMFPPTLYIIVSGSNAIFTICFVNEIRKNVFWCFRKVKGTRVTAIS
S. venezuelensis,SVE_1946900.2,srt,Srg,MMDEYNYNDTDEYNFNYTEMYEYFYDLDVLNKISPRRPNPPRLTKIEIGLFHLILPFIFIVFQSIILIIFYKYSKSFESMPYKIMKHQGQILLIKQLGHF*SMINGCYIGNAMFILLITINRLLIMYSNSQFPIYVDRIFIFSIFLCYLCAISFFIFFLFPSNRIIFDLKYYEWYSVSYIDRGIGNKIFTEIQNQIVLITLGIASTLYLLIFLRIIFLRLLSRNSIIIAEDAKFLLYAILNFFSIVFLEIAWSKLNFYFSYSDGFIIVPQFLYIFVSGSNTIFTFCFVSQVRKNIFRPIKPKKKTIINKIRLIKY
S. venezuelensis,SVE_1947000.1,srt,Srg,MDEYNFTDIDNHGYYYNYNYDPLDYAALVTPNPPKLTKIEIGLFHLILPLIFIFLQSIILMTFYKHSKSFESMPYKIMKHQGQILLLNQFGHFCTSYIILFSIDESLFVSTIGSMINGCYMGNVMFILLLTINRLLIMYKNNSLPNYVDTIFRFGIILCYLCAISLFIFFLFPSNRIEFDLTYYEWYSIEYINARIGSKVYAVIQNQIVLITLGIASALYLLIFLRIIFLRLLSRNSIIIAEDAKFLLYAILNFFSIVFLEITWSKLRYYFVFNDGLIIVPQILYIFVSGSNTIFTFCFVRKVRKNIFRSIKPRIQTTTKIRMIKY
S. venezuelensis,SVE_1947100.1,srt,Srg,MMDEYNYNDTDEYNFNYTEMYDYFYDFDALNEVSPRRPNPPRLTKIEIGLFHLILPFIFIVFQSIILIIFYKHSKIFESMPYKIMKHQGQILLIKQLGHFCTSFIIFFSIDNKLLFVSIIGSMINGCYIGNAMFILLITINRLLIMYRNSQLPIYVDRIFIFSIFLCYLCAISFFIFFLFPSHRIIFDLKYYEWYSVSYIDRDMGNKIFTEIQNQIVLITLGIASTLYLLIFLRIIFLRLLSRNSIIVAEDAKFLLYAILNFFSIVFLEIAWSKLNFYFSYSDGFIIVPQFLYIFVSGSNTIFTFCFVSQVRKNIFRSTKPKKKTITTKIRLIRY
S. venezuelensis,SVE_1947200.1,srt,Srg,MEYSLEDELALSDYDNLTSSELEALYRRIHSTVPIHTKNLSQVEIGIIHLTLSVSFFIFQFLIFTSFYNKKELLKNTCFFIIFHHGLLSCIQQICHIVTAILTILRMKNIETLFVVVGALLTSTYINSVLLILILTINRFVIVFNINIFDEEQKRKFYYIVIIILYTMVIGLFVLYFHPTFKVTFNFEEYQWQYIKSGDGDIAFQIENKTILTSLGISFILQMCIIFKIFLLRCYTKRRITFAVEDFKIVIHAFLCFVTTLTLEFIWDGVFFEFEVNRIEKIVPQILYIFTSVSNSIFVLFFVKEIRINTIFFKFCQRRKNIKFRSVVKRIKTVYQTEKKIVLRMMSSTKSLSNLNNREYSFYQDKDLYLDLLNLRLTESKVTFNKGEQMTPLVLNAFCRAPVRPILRRSRIKPQNEFMRSRCLFQSSNIMPAVSGDAENVQKK
S. venezuelensis,SVE_1951000.1,srt,Srg,MGIINLIYLIIHGLGGGYLALYGETYCNKPKLIIFIGSFSVGLWGAYCFTVLILLFNKCLALYNIDMNRIVFNRTNILGWLTIPSIYFLLLLNFTPPLIFSTVNNSWYFYPYTEYPKYQNSIVPRINLFYHLNNYFTVLVPTISLTFYILKSLGKIMANKQTPKLKKIPINHTLIHTIVLTTIISLTSILLIIFHFNNKAIIGIICEIIILTANGAPSLLYLTLNDKMKHDIHTMFHYEPKSKTPIRIFKRKIEAIS
S. venezuelensis,SVE_1951800.1,three_four,Str,MNISIIISFFPTHYQNDEINNILENHQLNLKNTTDFSNMVYSKTDNLPFLIHMLSIATFNIIVYLYILYIHKKIQICLKKSICYSESAKKAQKSFSKLLFLQIYCPWIFSFFPVTVFCLFCALGGETHLLASILLRGFNWLPVLNGFIFLVASKRNRKLIKLKVKSSIIYLFSCNCLKPAPTLSTTIQKLNKNSYHGKCEEKLFI
S. venezuelensis,SVE_1971800.1,srw,Solo,MLNCTSLQLFDFNSEISTKIILNLFKFKAHYQPFHKYISVILCLLGIITNNIHIWVLSRKQMRFQSVHIVLIFIASADIGTMLSYLIYIIRFEFFNDEGYEYMWTVFLHFHASISIALHGLSIYLVVFMAFIRCQVMKVKTGQSIWMLPHVALISASIITLTLFILSIPTYLAHEIVERTTSNNGVIKYTINIAKNYQANDCVAFKIYLWVTGILIKAVPCFLLMFFTLGLLKQLRENQKKRNLLFSQNNMVGQNLTEKNAIKEYKQNRKENSKLISRNRGSSKRHNSPDRTNRMLLLMVTIFLITELPQGVFAILNALFTQQFHEFVYSNLADILDLLSLINCFVAFIVYTTTCSKYRRLLYEVLKPFIPKCLHAIDTIPEQKL
S. venezuelensis,SVE_1992200.1,srg,Srg,MSLNRYITVGQPIMYERLFQNYLVYIYIFITLVIGGLIGVISSKFDCSYVYSDLLKRLILRFQKMDGVTQKKFAISAKPIYLDRPKQSFI
S. venezuelensis,SVE_1992600.1,srv,Srg,MVDIMLVSDIIQFIYKVPTASLMILSVYVIIKEIRRKNVQFKKQFYTLVLCKLSNDVCFIITYYALFKIPRLGYFKTFFEKNDWIAALYVVLAVLQITFMFLITFLVSINRYVAVRYPTKYQRYFSKSNKVTILFFFIILSTLIGLGTIPFKPKYRTFDLVGLFIPYFTLKEVSYYQIFYTIFLYGTLLIATCIFNVMAILELKKHKQIAGYLNKKRIYIIYSIFIFITLSIVEAFFIIRIIATQYKINSLRYIIHFFIVIGFDLTSIGDYYFLIFTRIELRNKMRNIFRCYKKSTSKVDVKIIYPRNPLSKTRRYFKTFFEKNDWIAALYVVLAVLQITFMFLITFLVSINRYVAVRYPTKYQRYFSKSNKVTILFFFIILSTLIGLGTIPFKPKYRTFDLVGLFIPYFTLKEVSYYQIFYTIFLYGTLLIATCIFNVMAILELKKHKQIAGYLNKKRIYIIYSIFIFITLSIVETFFVIRIMAIQYKINSIIYIVDIITVIGFDLTSIGDFYFLIFTRIELRNKMRNTFRCYKKSTSKVNVKIIYQRNPRS
S. venezuelensis,SVE_1994800.1,srv,Srg,MVPVTVTSIVVRIFLGLLAICDLFSLIFYIFLLIFMIKHRLKNDKIVTKQFHTLCIFNGMIDILFIVEEYFSNRFPLIGFFENFYLGDYTKTKISGILYIFSIFYIIYVSLSGITLTFNRYYAIAYPLKYDKFWSGFRLLFLTIWPAILLFPLFIIYYGIQIFFLIEKNTGRMAIVVLDTRITLQLWQITVTTHLVSIIINGCLNIMVIRGIKNHLKNSIHSYFFVKFNSTMAKYAFFYFTTLFIVVVLEILIYIFFSNQLNSLGFHSLTIYTLAQSCIAFYSPYALILTNKEIRKNFFKDFNLKKFYEKKC
S. venezuelensis,SVE_1994900.1,srg,Srg,MNPTFCKVVLIYGIIDILAHILLMSFILMVFFPPITRYMQVFMEPSYNWTVFYALMYYFTYCQFFLCAYIAFIRFILIYFPFKGTNILMKSFWLFVVLLLITSYAPTWHLWFCKTYFGPIDKRYTNGYLIFAISYKKLEWMNVSNSKNSIIHYFIFLILSFILNLMSLVKLIFKNLFSSVGKKKSVKGNVNENTPDMSIYHICQKLRVYVYHLMCLLQPYTLILLSKSTKNILKSIIINSFKTRHQSKSYPTGELFYFANQIAKGIYIIIAL
S. venezuelensis,SVE_1999400.1,srv,Srg,MENNDWTATTFYIIATQQTTFMFLVTLLISINRYIAVKYPLSYKLHFSRSKIIIILLCFIILSTIIGLGIISYNVKYKKSGLNDYFAPYFESKYIIYYRIFCQVFMYGTISIVTCIFNVMAVLTLKKYNKTDNKCKRDLNYIKYSIFIFITLFIVETFFVCEFIAENFEIKFLSYITIFLHFVAFDLTSVGDFYFLIYLSSELRKALKIVFGCSKKFNNKVNIKVIYRSIYLWLYPLINRTNSFGYAF
S. venezuelensis,SVE_2000010633.1,srv,Srg,MVDINFIVEIIQLIYKIPSVLLMILSIYVIIKEIKYKNNLFNKQFYIIIVFKLTNEIAFNTNMFVFFILPKWGFYNKFLENHAWTATVFNILATQQTTFMFLITLLISINRYIGVKYPFSYELYFSKPKIVIILLSSIILSLVLGFGNIFFDLRYQKSNFFGYFTPSLKTKKELYYQYLYLVILFGLISIITCIFNVMAILTLKKVNKIGSQYKKEIYFIVYSIFIFITLLFVEAFFVVTFIGVKYQINFFIPIIYFLNIVAFDLTSVGDFYFLIYSW
S. venezuelensis,SVE_2000010666.1,srv,Srg,MVDIILVVDFIQLIYKIPSMFLMMVSVHIIIKEIKNKNISFNNQFYTIIVCKLTNEIVYILTDFIFIKLPNWGFFNTFLEKNAWIATIFFILAALQIAFLFFTTLLISINRCVAVKYPLSYKIYFSKSKIVIILLSFFILSTMIGFGNIFFNAKYEKFELYGYFVPILKSKNVIYYQIFYRIFLYGLISIIMLKLYFIKKLFEDKILCIFNLFFNASIFFPLYIQHN
S. venezuelensis,SVE_2002500.1,str,Str,MYLFAKTIFSQCPNESYCIVLSILNIILIIVQLILIFYLVTNYKKSNNDYIKFLTFNKIFSFTVFLFISIFGEIKTFFPRKVVACYGLIRLVGDTGCQITISITIPFIMVECLFILYAFNGQYNTLCRKKKFHQNSLIQRLSFTLFFLCVLTVYVTLYLSYSPREKIISNVISTHEDIKFLTNNNYSFTGVVDAKRITFLIGSASMLTFYVNYIVHYAYIFNKMLKFLREIKELGQISNQNNKNYLNKFKHHIKNVVIPVILIYVPLGIFMVCLIFYRDEKYFWITKKLSNMLQYTVYLYGITSPSYTLYFILTSELKSNKIFIKKLTSNTLQIKRKK
S. venezuelensis,SVE_2010500.1,srv,Srg,MFVFFILPKWGFYNKFLENHAWTATVFNILATQQTTFMFLITLLISINRYIAVKYPFSYELYFSKPKIVIILLSSIILSLVLGFGNIFFDLRYKKSNFLGYFTPSSKTKNEMYYQIFYLVILFGLISIMTCIFNVMAILTLKKINKIGSQYKKEIYFIVYSFFIFITLLFVEAFFVCKFIVIKNEIKSFSHTAYFIYIVAFDLTSVGDFYFLIYSCNELRKALKTTFGCSKKINNKITIKLTFRK
S. venezuelensis,SVE_2013200.1,srv,Srg,MVDINLIVDIIQLIYKIPSIILMMVSICAIIKEIKNRNGFFNTQFYTIIACKLINDIIFVVTILIFYKLPKWGFYNNFLENNDWTATIFCILAGQQITFMFLITLLISINRFIAVEYPLSYKPYFSKSRMIIILLFFIILSTMIGLGNIFFNETFKKSDFFGYLTPSLKSKSLIYYQIFCQIFLCGSISIATCTFNIKAILTLKKLKKIGNKYKKQLYYIIYSIFIFITLFNVEVFFVCKFMAVKFGIRSFARIIYFLQVVAFDLTSVGDFYFLIYSCSELRRVLKKFLGCSKKFNNIVNIKISYQRPSLGFPIIHLDYRSIAIKQTFNHKVCIIFFAKKLDIHHVAPWPFEISTKLILL
S. venezuelensis,SVE_2018100.1,srv,Srg,MNRFLEDMEYYNGLPNDLKSIISKKIDSKQDIIIESDLKNQWKKSLITKLNCESKEICQFPKWGFYNDFMENNDWTATTFYVIGTQQTTFTFLTTLLISINRYIAVKYPLSYKHHFSRSKIIIILLCFIILSTTIGLIHISLNARYKKSGLYDYFAPYLESKNVIYYQIFYQLFLLGTISIVTCIFNVITVLTMKKHNKIDNKCKRDLNYIKYSIFIFITLFIIETFFICRFFALNYKIKFLSYITIFLHVVGFDLTSVGDFYFLLYSSSELRRALKIVFGCSKKFNNKVNIKVIYQRRLEP
S. venezuelensis,SVE_2019100.1,srh,Str,MYLFTKTIFSQCPNEGYCITMTILSIIAMIVQLTLVFYLIKNYKRSNNDYIKFLTFTKIATTIVYTFVSIFIEVKTFFPRKIIACYGLVRYFGNYGCGFSMSLIIPAILFECLFILYAFNGQFNTLCRKKKFHQNNLIQKLSFALTVSYSLTIFCCFVSYYGIKEKLATIIFSNYPDILFLVNDNYTITGLAGTNGVAFPICITAASIFCINYIVHYVYIFNKMLKFIKEMKKLSQISNQRNNSINKFNHHIINVIIPIILIYIPIGIFLICVTIYKDDEYLWITTKLSNMIVFTLYLYGIFSPSYVLYFILTSELKTSSVSTKNTLSKNSERNRKK
S. venezuelensis,SVE_2019500.1,srv,Srg,MFLITLLISINRFIGVQYPTKYQLYFSKLNRIKIIIFFLILSTLIGLGTIAFKPTYRMFEFADAFVPYFTNKNVVYYQIFYTLFLFGTISIATCIFNLKAILELKKHKKNVTNYKKETIYIIYSIFVFIALLIIETFFVFRFIAAQYEINSFKYMIYFCIAIGFDLTSVGDYYFLIFTSNELKNEMKNIFRCCKKRTSKVSVKIVHRRQFIPKTKNIG
S. venezuelensis,SVE_2019600.1,srv,Srg,MAYLFYVLAMQQLTFMFLIAFIVSFNRYVSVKHPTQYNSRFSKSNMLKILTFFIIFSTLMGLGCILFKPIYGVSDFSGSFLPYFRSKNVVYYKIFFIPFIFGTVTITTCIFNVMAILELKKYSYNFNYYKSEIVYITYSIFIFITLSLVEAFFVINVIGWQHKNLTFLLFIFIYYKCWAFDVPSILDFYFLIYSSRELRNGIKNIFICFKKATAQVNVELNNL
S. venezuelensis,SVE_2021400.1,srv,Srg,MAEVNLILEIIQLIYLIPSTLLMILSVNVIIKEIKNKNVNFNTQFYIIIACKLINEIFYIITIFIFARFPKWGFYNDYLKNNNWTATIFYVLVSQQTTFMFLITLLISINRYIAVKYPLSYKHHFSRSKIVIILVCFIILSTMIGLGNIFFNARYKKSGLYDFFAPYLESKNVVYYRIFCQIFIYGTISIVTCIFNVISELRKALKIAFGCSKKFSEKVNTKVTYRRRLEP
S. venezuelensis,SVE_2021500.1,srv,Srg,MNILGNFYEDKDGIAAYYYFINGLCNTVTYGISLLSSFNTFIALNYPLLFDTWFSKKKISIYLVIIFLVGLIYGIGFIFFYPYYLYVQSLEGYYIKFKSLYVPYYILAYSIIVVYPIAILVVIMNTISTVKITKYYKKINAKNSQNVLMFIYTIVIFFTYLIVVAYTVTKILTKIFIQNDLVENIALIVIYWNIDIQTFGLFYTVLFLYSPLRDLMLFKSKKECNQNNNIAIINHNERPRIQQNKPLNII
S. venezuelensis,SVE_2022200.1,srg,Srg,MNDPATINTDDILLYKLQKYLPWFYVSIDTVSLIIHSIIAIFSYIFYGSIIVLLIKNRKNKLFGTFFYYCVILNGFVNIFFHLDNFFTSVLLSYEPFLEKVAPTEPNYWYAPLYYIGFFFTHFLYYNIFIISVNRMVMLTWPLKVNHIFENKKKLFTIFGILIAGIPHLYLLVTPAYFSISSSIYTNNKNVGKFINVMWNGVEELPLKITAINCGIFTIATFLVNLFNIYLLMKKGHKKIKVVVVVIVHYVNKNKQPQRTVHSSAVGESSLP
S. venezuelensis,SVE_2022700.1,srx,Srg,MLSWLLIVETKIYDVPDNVNKRIGQIVLYGYFSGIYSRFVTSINRFIAIILPTKYDKIFNQKNVYITLIIYWSVSLIMCVPFSFDYNCYFMISGRIWSYAQTIDCLKVAYIVDFLFGTIFGSLTIFVDFLLVTTLFIKKYFIVNNGKFSKKKSDVHSYEYSLKLDLNIFYRTFFSNLYLIFMLICFYYVSVHFTENENVIFLSTSLVWVSYHVLDGIVVGLMNKDVKNSLYKYLRTKSKKKQSQKTKLSVVTKKTNKNYKKTTINIT
S. venezuelensis,SVE_2026500.1,srv,Srg,MFLITLLISINRYTAVKYPVSYSLHFSKSKIVITLLSLIVLSIIVGLVNILFNARYIKTQPYGYCGPSFLTKSEVYYQMFYQMFLFGIISIVTCIFNVLAILTLKKLSQIGKKYKKELYYIVYSIFIFITLLLVETFFICTFIAVKYEIPFFVNAIYFLHIVSLDLSTVGDFYFLIYSCDELRTALKNIFGCSKESKNKISVRLSYPKIVEVQDYLSI
S. venezuelensis,SVE_2027400.1,srv,Srg,MVDMILVVEIIQLLYKIPSTLLMILSIYVIIKEIKNKNAICKLTNEIFFIITTFIFVRFPKWGFYNDFMEKNDWTATTFYVIGTQQTTFTFLTTLLISINRCIAVKYPLSYKHHFSRSKIIIILLCFIILSTTIGLIHISSNVRYKKTGLYDYFAPYLESKNVIYYQIFYQLFLFGTISIVTCIFNVMAVLTLKKHNKTGNKCKRNLNYIKYSIFIFITLFIVETFFICKFFAENYKIKFLSYITIFLHVVGFDLTSVGDFYFLLYSSSELRRAIKNVFGCSKKFNKKVNTKVIYRRRLEP
